0,discussion,play,ski,meetings,business
1,review
2,gate,dns
3,gas price,microturbines,generate,deal,power,electric,installation,term,fixed,forwarded,customer,number,honeywell,cost,frwy
4,enron,floor gas,termsmr
7,planpaula
8,meeting,enron,corp,var,wednesday,kimberly,date,thanks
9,westgate,requirement,allen,unit,san,new,month,higher,alliance,richards,projects,approved,multifamily
10,hall,paul
11,good
12,check
13,trade,financial,index,juan,points,gas,prices,physical,phone,counterparty,buyer,monthly,firms,amerex
14,trade,juan,financial,points,gas,prices,physical,index,counterparty,phone,buyer,monthly,phillip
16,cost,loan,land,investments,fee,lots,equity,creekside,construct,total improved,value,site,investor,subs,reports,expenses,structure,pre,labor,developed,direct,months,allen,bookkeeping,generally,design,phases,richards,initial,cover,considering,plus,equipment,buyers,keith,cornice,association,partnership,estimate,llc,recourse,spec,professionals,posted
17,meetingnymex
18,gas,position
19,closing,atty,allen,sound
21,key,site
22,paymentbrenda,sept
23,market,thanks,contact
24,allen,calendar,date,databases,work,extension,office,phillip
26,chelsea,happy,deal,san
27,mapped
28,position
29,lots,bedroom,richards,price,rental,allen,additional,duplexes,lewter,sincerely,builders
30,allen,projects,site,westgate,lewter,austin,preferences,improvement,lots,exceptional,price,san,scheduled,new,thursday,town,express,sales,richards,downdraft,proforma,severe,freakish wind,single family,loop,gated,street,area,pond,line,star
31,utility,hotmail
32,assessment,program,action,participation,enron,technical,data,debbie,thursday,survey,manager,executive
35,performance,commercial support
36,information,email,subject,smith,christi,program,john,provide,form,selection,sent,original,services,office,importance
37,fyi,caps,north
38,gas,report
39,information,john,selection,form,provide,email,smith,subject,thursday,original,services,program,sent,allen
41,good
42,requests
43,generation,jim,sorry,belden
44,updated
45,plan
46,filing
47,trading
48,files
49,kean,lay,alan,ken,regulatory
50,hotmail,duties,tenant,apartment,people,daily
51,hotmail,report,frig,office,daily,lucy
52,hotmail,report,tomorrow,daily
53,thanks,prices,sdli,buying
54,friday,meeting,august,ena,scott,kimberly,chapman,committee,john,david,thanks,management,gustafson,feel
55,eol
56,kean,lay,alan,ken,regulatory
57,permian,socal
58,enron,corp,transportation,model,mark,manager,griffith,questions,august
59,desk
60,jeff,requested,resource,phy,non
61,requested,resource,data
63,resume
64,website
65,overage
66,america,north,update,tim,jim,generation
67,mike
68,terms,offer,county
69,vehicles,credit,purposes
70,resource,energy
71,enron,filed,corp,compliance,comments,edwards,columbia,pipelines,cig,fyi,plain,filingsfyi,list,priority
72,product,avg,north,america,gas
73,positions,open,cactus,andy
74,desk,phillip,forwarded,analysts,assessment,needs
75,north,america,thanks,hillis,kim,meeting,john,lavorato
76,mail,trading
77,mike
78,meeting,hillis,tuesday
79,counterparties,customers,neal
80,century
81,closing,telephone
82,contractor,phillip,flores,worked
83,matt,data
84,scott,greg,marks,training,help getting,program,course,influence,mike,executive,delainey,year
85,week
86,ect,enron,corp,david,gis,update,response,george,review,employee,hrgis,kathy,memo,appreciated,thanks,taylor,mike,kimberly,tina,jeff,greg,scott,laura,thompson,blair,thomas,history,current,employment,mark,global,michael,brian,black,directors,brad,davis,chapman,sheila,shirley,information,rapid growth,operating companies,command line,hard copy,need,education,prc requests,feel free,days ago,target date,new,ventures,elena,roberts,home,john,craig,angie,reminder,bowen,skinner,jaime,cliff,pilar,melissa,cristina
87,materials
88,storage,model,version contains,research,variable,decision
89,time
90,cost,electric,daily
91,downloadable,away,soon,instructions,dear,phillip
92,eol,book,walters,mick
93,energy,price,power
94,renovation tasks,normal
95,actual,probably,play,california,marginal,gas,presentation,different
96,waha,phillip,daily injection,capacity,june,storage
97,login
98,owner
99,biking,evelyn,job,baby,new,ride
100,transport,curve,nwpl,basin,clay,kingsgate,storage,sitara,pgen,injection,ques,way,malin
101,month
102,day,resolve
103,price,meeting,ray,answer,caps,chairman,delayed,hebert,yesterday,filled,finally,competitive,shortages,discussions,doors,helps
104,gas,image,capacity,report,notices,snapshot,prices,market,capacitycenter,intelligence,pick
105,owner financing,rate
106,border,williams,short,merrill,alert
107,dsl
108,function,managing,laird,shareholder,weather,throughput related,gas
109,index,gas,thanks,like,black,bob,assets,management,portfolio
110,good,neal,sounds like
111,materials
112,materials
113,meeting,doors,price
114,foundation
115,worksheet
116,worksheet
117,results
118,materials,strategy
119,luck
120,thursday
121,phillip,list,reports,desk,west
122,map
123,map
124,capacity
125,accuracy,position,priority
126,accuracy,position
127,enron,real,viewing,meeting,click,ferc,video,connect,forwarded
128,fax
129,southanymore
130,print,selecting,great,new,page
131,summaries
132,lee,news,exclusively,game,album,hulk,hero,begin,action,dear,stan
133,risk,futures,short price
134,pira,prospectus,study,market,gas,regions,american,basin,pipelines,california,clients,jsteele,subscribing,pricing,key,biltmore
135,access,fine
136,attached
137,social,security
138,enron,daily,body,transportation,shop
139,george,sent,quotes,rahal,branch,suite,original
140,george,sent,quotes,rahal,suite,branch,original
141,phillip
142,invoicekim
143,kim
144,turnaround,sorry
145,cash,traders
146,dopewars
147,living,style,dining,office,concrete,simply,pallen,features,original,gifts,following,area
148,phillip
149,physical,neuner,monthly
150,emails
151,shockmachine,arcade,game,unsubscribe,playing,super,memories,high,link,business,att,meeting,list,instructions,machine
153,ashish
154,summary,load,additional,california,subject
155,power,gas,ferc,time,wholesale,update,proposed,committee,phillip,privileges,attorney,communication,market,code,state,items,host
157,power,gas,ferc,time,wholesale,update,proposed,committee,privileges,attorney,communication,market,code,state
158,discussion,play,ski,business,meetings
159,allen,calendar,databases,work,date,office,extension,phillip
160,track
161,enron,corp,outlook,owa,john,mike,communications,natalie,booking,accessible,dale,message,johnson,mail,keith,entries personal address,franklin,gary,donald,tracy,internet,note,user,lists,gabriel,use,task,journal,sharing,web,joe,recall,edgar,lance,gwynn,click,future plans,center,resolution,subtle differences,abroad,mailbox,answer
162,migration,mike,email,information,communications,survey,natalie,dale,johnson,office,date,work,currently,keith,notes,user,franklin,gary,donald,tracy,pilot,palm,john,gabriel,simply,mailbox,joe,edgar,databases,calendar,individual,lance,gwynn,send,hit,messaging maintains,near future,groups,mailings
163,updated
164,kean,lay,alan,ken,regulatory
165,kean,lay,alan,ken,regulatory
166,flores,contractor,versus,phillip
167,cost,electric,daily
168,bryan,buckley
169,waha,phillip,daily injection,capacity,june,storage
170,price,meeting,ray,chairman,caps,answer,delayed,finally,hebert,filled,yesterday,competitive,shortages,doors,discussions
171,meeting,doors,price
172,enron,real,viewing,meeting,click,ferc,video,connect,forwarded
173,risk,futures,short price
174,track
175,ashish
176,track
177,bryan,track
178,karen,phillip,slides,natural gas,york
179,track,rotation
180,wiring,lien,phillip
181,natural gas
182,director,west,central,list,desks,specialist,east,approved,basis,jess,hewitt
183,insurance,jeanette,policy
184,press
185,reductions,load,mwa,caiso demand,calif,years,total,peak,aimed,curtailing,price,economic,figure,america,north,aluminum,tim,control
186,phillip
187,market,privilege,recipient,utilities,socal,set,value,prices,quality,regulated,apr,public
188,total,kohutek,larry
189,home,cary,specification,near
190,phillip,ees
191,karen,phillip,slides,natural gas,york
193,roof,reagan,mail,allen,overall,near,design,shaped
194,content,roof,mar,mail,reagan,thu,overall,near,design,shaped,allen,farmhouse,received
195,track,risk
196,day
197,dexter,http,phillip,drive
198,wiring,lien,coach
199,completion,engineer,project,lower,looks,architectural,soils,plans
200,group,desk,erika,address,members,list,current,description,gas,multi,jesus,directory sync,griffin,allowed
201,phillip,larry,company,buyout
202,requested,resource
203,natural gas
204,expenses,pocket
205,smith,mike,matt
206,employee,information
207,energy,water,said,cal,week,hour,power,aod
208,grants,account,compensation,stock
209,file,checklist
210,image,buyout,projects,total,enron,cash,contracts,claudia,allen,bishops,professional,unpaid,prior,good,design,expenditures,richards,cbpres,lewter,table
211,image,projects,buyout,phillip,total,enron,cash,george,soils,contracts,claudia,allen,bishops,professional,unpaid,prior,good,design,expenditures,richards,cbpres,lewter
212,painewebber,answered,communications,questions
213,database,gen,forecast,core,matt,smith,load,mike
214,mike
215,director,west,central,list,desks,specialist,east,approved,basis,jess,hewitt
216,unit,sagewood,equity,year,requested,debt,project,rent,pro,file,mapttra,hard construction,george
217,development,marcosdarrell,high cost,san
218,forecast,biop,hydro,tim
219,new,power
220,commodities,cross,phillip,john,frank,list,authorized,power,allen,friday
221,insurance,policy,jeanette
222,directly,marketers,whitt
223,mail,anne,deals,enron,basdeload
224,marcos
225,plant,moved,manager
226,loan,project,deals,credit,financial,sagewood,officer,typically
227,jim,generation,new,michael,forwarded,january
228,enron,gas,recession,impact,corp,approx
229,costs,allen,construction loan,richards,lewter
230,status
231,richards,meeting,allen,phillip
232,smith,doug,stage,amf broker,fax,texas,today,agreement,use
233,robert,time,daily,mary,elizabeth,steve,mike,jim,single,weekly,comnes,vance,harry,tom,leslie,richard,tara,sandra
234,costs,allen,construction loan,richards,lewter
235,enron,diego,caps,gas,price
236,cycles,spinning,phillip
237,thanks
238,costs,george,million,profit,process,addition
239,cost
240,draws,allen,richards,lewter
241,including,loan,lee,rent,original,phillip,forms,allen,history,income,app,sent
242,gas,phillip,christi,talking,markets
243,original,address
244,lee,loan,phillip,rent,forms,including,allen,history
245,robert,california,cera,mary,elizabeth,impact,report,steve,crisis,special,mike,power,mday,analysis,phone number,comnes,tom,vance
246,city,justin likes,stuff,art
247,pge,numbers,february
248,physical,related,opal,sell,aec
249,mark,new,basis,border,california,gas
250,smith,texas,fax
251,operating,doctor
252,michael,available,jeff,richard,governor,reports,neil,kathy,scott,hughes,james,release,press,robert,comnes,company,ginger,harry,sandra,terri,rita,linda,bruno,walker,steve,kaufman,vanulden,lazure,wright
253,enron,corp,prices,fleming,belden,andreas
254,ina
255,beck,options
256,run books,thanks,desk,night,option,susan,good,people
258,option,desk,thanks,susan,book,night
259,jacques,allen
260,manage,cash,onsite,conservative,actually,profit,plus,labor,expenses,requires,noi
263,corner
264,options,painewebber,shares,communications
265,second,statements,good,lucy
266,equity,construction,profit,split,builder,fixed,permanent
267,home,cell
268,dexter,ngi,indexes
269,gas,pricing,qfs,payment,iep,majeure,update,legislation,proposal,michael,today,left,time
270,enron,interviewers,need,analysts,recruiting,programs,approximately,thank,phillip,chris,immediate,late,summer,thursday,february
271,analysts
272,program,new
273,enron,kidventure
274,petition,mike,divert
275,enron,gas,travis,mccullough
276,phillip,ordered
277,enron,ees,update,language,action,legal,new,buying,california,ena,contracts,john,key,pat,michael,bankruptcy,steve,points,talk,richard,options,hansen,mccubbin
278,mark,meeting,california,jan,power,david,greg,davis,robert,karen
279,california
280,rotation,richards
281,hydro,outlook
282,west
283,lease,afternoon
284,million
285,matt
286,equity,construction,profit,split,builder,fixed,phase
287,pool,assessment
288,bank
289,michael,jim,generation,new,comnes
291,idsmonique
292,traders
293,technology
294,resource,requested,approve
295,proforma
296,summary,load,additional,california,subject
297,prices,bike
298,pallen
299,enron,timely,values,corp,late,track,rose supply,sheet,spread
300,sandiego,version,final,electric
301,msn,roll
302,money,needing
303,fine
304,costs,additional,allen,rates,units,detached,winmail,required cash,management,richards
305,director,manager,marketing,special,phillip,plan,possible,payments,group,split,west,trading
306,director,manager,marketing,special,phillip,plan,possible,payments,group,split,west,trading
307,open,marcos
308,power,gas,privileges,ferc,time,wholesale,update,committee,proposed,phillip,attorney,communication,market,code,state,items,host
309,screens,barry,equipment
310,director,manager,marketing,phillip,special,possible,west,gas,trading,group,payments,split
311,enron,nov,allen,yahoo,durango,cancellation,vitol,confirmation,hotel,night,rac
312,contact,plant,appreciate,list,nixon expansion,anticipated,start,resource,county,siting,date,online
313,allen,resumes,winmail
315,generation
316,news
317,space
318,deals,november,bidweek
319,team,databases,hardware,test server
320,support
321,power,gas,ferc,time,wholesale,update,committee,proposed,asserted,privileges,market,attorney,communication,code,state
323,trading,allen
324,body,plasma
328,position,deal,options,physical,ability,valuations,projects,time,tds,grid,consolidation,changed,managed,things,issues,trading,transport,requirements,gas,help,daily,desired,keith,curves,volatility,richard,rows,new,conversions,single,setting,uom,importance
329,planpaula
330,meeting,enron,corp,var,wednesday,kimberly,date,location
331,westgate,requirement,allen,unit,san,new,higher,month,alliance,richards,projects,multifamily,approved
332,hall,paul
333,think
334,check
335,sacramento,report,measures,price
336,trade,financial,index,juan,points,gas,prices,physical,buyer,counterparty,phone,monthly,firms,amerex
337,trade,juan,financial,points,gas,prices,physical,index,buyer,counterparty,phone,monthly,phillip
340,trading
341,gas,position
342,closing,atty,allen,sound
343,allen,projects,site,westgate,lewter,austin,preferences,improvement,lots,san,price,scheduled,exceptional,new,town,thursday,sales,express,richards,downdraft,proforma,severe,gated,loop,single family,freakish wind,star,line,area,street,pond
344,key,statements
345,station,college
346,market,thanks,contact
348,chelsea,deal,happy,friday
349,mapped
350,receive
351,notice,juan,san
352,lots,bedroom,richards,rental,price,allen,duplexes,additional,lewter,builders,sincerely
354,utility,hotmail
355,assessment,program,action,participation,enron,debbie,technical,data,thursday,survey,manager,executive
356,said,data,exodus,utilities,power,facilities,space,poole,internet,communications,seattle,businesses,new,distributed,centers near,revenue,valley company,enron,square,capital,infrastructure,growth,san,networks,optic,angeles,seven,subject,issue,potentially,building,abovenet,like,bandwidth,puget,sound,lights,denver,city,megawatts,loads,school averages,high,corp,run,concerns,footing
357,performance,commercial support
358,information,email,subject,smith,christi,program,john,provide,form,selection,sent,original,services,office,importance
359,visit,dow,composite,jobs,career,service,selections,initial,holiday,monday,careerjournal,market
360,fyi,caps,north
361,gas,report
362,information,john,selection,form,email,provide,smith,subject,thursday,services,original,program,sent,allen
363,requests
364,timely,values,late,track,sheet,rose supply,spread
365,generation,jim,sorry,belden
366,plan
367,mike
368,trading
369,image,buy,coverage,market,downgraded,upgraded,briefing,internet,brothers,chase,brokerage,action,firm,email,site map privacy policy,perform,kasper
370,email
371,hotmail,duties,tenant,apartment,people,daily
372,hotmail,report,frig,office,daily,lucy
373,hotmail,report,tomorrow,daily
374,supply,tomorrow,attached,puc staff
375,prices,thanks,apartment,complex
376,august,friday,meeting,ena,scott,kimberly,chapman,committee,john,david,thanks,management,gustafson,free
377,eol
378,permian,socal
379,enron,corp,transportation,model,mark,manager,griffith,sullivan,books
381,desk
382,jeff,requested,resource,non,phy
383,requested,resource,data
384,website
385,news,autoweb,credit,car,center,check,free,href,vehicles,email newsletters,audio,quotes,step,installation,great,factory,automotive,models,java technology,dimensional,image,information
386,file,message,mime,spotwed,price
387,overage
388,wish
389,america,north,update,tim,jim,generation
390,mike
391,terms,offer,county
392,vehicles,small truck
393,resource,energy
394,enron,filed,corp,compliance,comments,edwards,pipelines,columbia,cig,fyi,plain,filingsfyi,list,priority
395,avg,product,america,north,gas
396,positions,open,cactus,roughly
397,desk,phillip,forwarded,analysts,assessment,needs
398,america,north,thanks,hillis,kim,meeting,tuesday,july
399,mail,west
400,mike
401,hillis,meeting,tuesday
402,counterparties,customers,neal
403,flatlandsal
404,matt,good
405,notice,listing
406,matt,data
407,greg,scott,marks,course,program,help getting,influence,training,mike,executive,forwarded,officers
408,weekend
410,materials
411,storage,model,version contains,research,article,different
412,time
413,downloadable,away,soon,instructions,dear,phillip
414,enron,lay,pleasure,simply
415,book,eol,walters,mick
416,price,energy,new
417,direct,wade,normal
418,actual,marginal,play,california,probably,gas,different,presentation
419,login
420,notice,socal,constraint
421,owner
422,biking,evelyn,baby,job,new,ride
423,transport,curve,nwpl,basin,clay,kingsgate,storage,sitara,pgen,injection,ques,way,malin
424,month,truck
425,day,account
426,gas,image,capacity,report,notices,snapshot,prices,market,capacitycenter,intelligence,pick
427,enron,price,diego,river,richard,infrastructure
428,owner financing,rate
429,border,williams,short,merrill,alert
430,dsl
431,function,managing,weather,shareholder,laird,throughput related,gas
432,index,thanks,gas,like,management,assets,black,bob,portfolio
433,good,neal,probably visit
434,materials
435,materials
436,enron,diego,caps,gas,price
437,foundation
438,worksheet
439,worksheet
440,february,orientation,december,technical,associate
441,results
442,materials,strategy
443,luck
444,thursday
445,phillip,reports,list,desk,west
446,map
447,map
448,enron,sarah,price,diego,comments,gas
449,capacity
450,bales,central,farmer near
451,position,accuracy,list
452,accuracy,position
453,gas,intelligence,notifications,line,ngi,dear
454,price,enron,diego,capsplease
455,fax
456,southanymore
457,print,new,great,selecting,page
458,summaries
459,lee,news,exclusively,game,album,hulk,hero,begin,action,dear,stan
460,extraordinary,period,tim,subject,forwarded,measuresphillip,measures,relief,game,load
461,pira,prospectus,study,market,gas,regions,american,basin,pipelines,california,clients,jsteele,subscribing,biltmore,key,pricing
462,access,niccole
463,attached
464,lime,arry,extraordinaire,sleuths,wrote
465,romans,interesting,david,builder,research,background,harry,ash,lime
466,later,use
467,enron,daily,shop,body,transportation
468,nov,change,close,source,germany,insight,deregulation,japan,electric,braz,news,demand,december,banner,nasdaq,market,technology,revolution
469,george,sent,quotes,rahal,branch,suite,ext
470,green,bldg,sustainable,earth
471,george,sent,quotes,rahal,suite,branch,ext
472,phillip
473,invoicekim
474,kim
475,tech
476,turnaround,updated
477,traders,cash
478,dopewars
479,living,style,dining,office,concrete,simply,pallen,gifts,original,following,features,area
480,phillip
481,notice,san,juan
482,physical,neuner,monthly
483,stained,colors,tiles,labor,davis,cement floor,scale,results,sautillo
484,hemp,industry,poor,hcfr,farming,issue,precedence,sender,news,organic,northern
485,concrete,chemical,dry,stain,wells,house book,standard
486,emails
487,shockmachine,arcade,game,unsubscribe,playing,high,super,memories,att,link,business,meeting,list,instructions,machine
490,feedback,pep,enron,management,performance,list,completed,darron
491,buy,downgraded,upgraded,coverage,pmc,market,internet,briefing,outperform,salomon,image,site map privacy policy
492,nextcard,privacy,online,offer,applicant,nytimes,current,seconds,additional,apr,credit,saving money,visit
493,power,trade,traders,demand,day,weather,today,based,said,megawatts,amid,high,markets,california peak,southern,lower,bloomberg,following,new,increase,electric,coast,east,west,index,cinergy,interconnected,temperature,energy,sold,mid,corp,region,grid,transmission,delivery tomorrow,higher,wednesday,contracts,cause,degree,tennessee,dailies,area,week,southeast,ranged,spot,problems,bids,brian,tra,exchanged,nuclear,york,expectation,winter,volumes,scheduled,entergy,fell,heat,table,north,monday,climbing,northern,closed,season
494,asap,thanks
496,analyst,jones,associate
497,strategies,emissions,business,enron commercial,regulation climate,efforts,broad,strategic,rsvp,quality
498,summary,load,additional,california,subject
499,power,gas,ferc,time,wholesale,committee,proposed,update,phillip,privileges,attorney,communication,market,code,state,items,host
501,notice,socal,constraint
502,power,gas,ferc,time,wholesale,proposed,update,committee,privileges,attorney,communication,market,code,state
503,discussion,play,ski,meetings,business
504,allen,calendar,date,work,databases,office,extension,phillip
505,enron,corp,outlook,owa,john,mike,communications,natalie,booking,accessible,dale,message,johnson,mail,keith,entries personal address,franklin,gary,donald,tracy,internet,note,user,lists,gabriel,use,task,journal,sharing,web,joe,recall,edgar,lance,click,gwynn,future plans,traveling,abroad,mailbox,answer,horton,allison,resolution
507,updated
508,kean,lay,alan,ken,regulatory
509,markets,enron,gas,phillip,christy,talking,thanks
510,kean,lay,alan,ken,regulatory
511,resume
512,versus,phillip,contractor,worked
513,cost,electric,daily
514,waha,phillip,daily injection,capacity,june,storage
515,price,meeting,ray,chairman,answer,caps,delayed,finally,hebert,filled,yesterday,discussions,doors,shortages,competitive
516,meeting,doors,price
517,gas,phillip,talking,christi,markets
518,enron,real,viewing,meeting,click,ferc,video,connect,forwarded
519,risk,futures,rockies indeces
520,ashish
521,track
522,bryan,buckley
523,chad
525,gas,markets,christi,thanks,talking
526,cornerphillip,allen
527,press
528,karen,phillip,slides,natural gas
529,track,rotation
530,wiring,lien,coach
531,natural gas
532,director,west,central,list,desks,specialist,east,approved,basis,jess,hewitt
533,insurance,jeanette,policy
534,marketing,buyers,austin,sent,original,brokers,follow,noi,file attached,bills,coach
535,reductions,load,mwa,caiso demand,calif,years,total,peak,price,economic,aimed,curtailing,figure,north,america,aluminum,tim,control
536,city,justin likes,stuff,art
537,phillip
538,market,privilege,recipient,utilities,socal,set,value,prices,quality,regulated,apr,public
539,total,larry,kohutek
540,cary,home,specification,engage
541,phillip,ees
543,roof,reagan,mail,allen,design,near,shaped,overall
544,content,roof,mar,mail,reagan,thu,overall,design,near,shaped,allen,farmhouse,received
545,ticketsno
546,gas,piece,systems
547,dexter,http,phillip,drive
548,completion,engineer,lower,project,looks,architectural,soils,plans
549,power,iso,said,wednesday,electric,plants,aes,energy,tuesday,spokesman,emission,utilities,gmt,lednicky,dow,units,markets,maintenance,sells,grid,inspection,duke,rolling,rates,california,calif,beach,higher,newswires,puc,commission,edison,huge,feedwater,retransmission,recipient,megawatt,visited,told,analyst,jones,reserves,high,sources,landing,dorinson,dynegy,regulators,huntington,reporting,federal,unplanned,management,corp,meaning
550,group,desk,erika,address,members,list,current,description,gas,multi,jesus,directory sync,griffin,allowed
551,phillip,larry,company,buyout
552,trading,enron,eol,nicole,denver,mark,susan,reservations,team,early,industry,april
553,requested,resource
554,pocket,expenses
555,smith,mike,matt
556,employee,information
557,energy,water,said,cal,power,week,hour,aod
558,grants,compensation,account,stock
559,file,checklist
560,image,buyout,projects,total,enron,cash,contracts,claudia,allen,bishops,professional,good,prior,unpaid,design,expenditures,richards,cbpres,lewter,table
561,matt
562,image,projects,buyout,phillip,total,enron,cash,george,soils,contracts,claudia,allen,bishops,professional,good,unpaid,prior,design,expenditures,richards,cbpres,lewter
563,painewebber,answered,communications,questions
564,gen,database,forecast,core,smith,matt,load,mike
565,mike
566,unit,sagewood,equity,year,debt,requested,project,rent,pro,file,mapttra,hard construction,gross,pgi
567,ordered,user
568,development,san,high cost,marcosdarrell
569,forecast,biop,hydro,tim
570,kids learned
571,commodities,cross,phillip,john,frank,list,authorized,power,allen,friday
572,mid
573,directly,marketers,producer
574,mail,anne,deals,enron,basdeload
575,marcos
576,moved,plant,morning
577,loan,project,deals,credit,sagewood,financial,officer,typically
578,jim,new,generation,michael,forwarded,january
579,requested,resource
580,michael,jim,generation,new,comnes
581,enron,gas,recession,impact,corp,cera
582,costs,allen,construction loan,richards,lewter
583,status
584,richards,meeting,allen,phillip
585,smith,stage,doug,amf broker,today,texas,fax,use,agreement
586,robert,daily,time,mary,elizabeth,steve,mike,jim,single,weekly,comnes,tom,vance,harry,richard,leslie,tara,sandra
587,costs,allen,construction loan,richards,lewter
588,spinning,cycles,phillip
589,thanks
590,costs,george,million,profit,process,management
591,cost
592,draws,allen,richards,lewter
593,including,loan,lee,rent,original,phillip,forms,allen,income,history,app,sent
594,image,winmail,proforma,creekside
595,address,original
596,lee,loan,phillip,forms,rent,including,allen,history
597,robert,california,cera,mary,elizabeth,impact,report,steve,crisis,special,mike,power,mday,analysis,phone number,comnes,sandra,tom
598,february,numbers,pge
599,physical,related,sell,opal,aec
600,mark,new,border,basis,california,gas
601,smith,fax,texas,road
602,tomorrow,doctor
603,prices,bike
604,michael,available,jeff,richard,reports,governor,neil,kathy,scott,hughes,james,release,press,robert,comnes,company,harry,sandra,ginger,terri,bruno,rita,linda,walker,steve,kaufman,vanulden,lazure,wright
605,enron,corp,prices,fleming,belden,andreas
606,appropriate
607,beck,rolesusan
608,run books,thanks,night,desk,option,susan,good,people
609,msn,rent
610,option,thanks,desk,susan,book,load
611,jacques,allen
612,manage,cash,onsite,conservative,labor,expenses,actually,profit,plus,requires,noi
615,partnershipgeorge
616,painewebber,options,communications,shares
617,statements,good,second,lucy
618,equity,construction,profit,split,builder,fixed,earlier
619,home,cell
620,indexes,ngi,dexter
621,gas,pricing,qfs,payment,iep,majeure,update,legislation,proposal,michael,today,left,time
622,needing,money
623,enron,interviewers,need,analysts,approximately,thank,recruiting,programs,phillip,chris,immediate,scheduling,sounds like,remember
624,program,new
625,enron,kidventure
626,petition,divert,mike
627,enron,gas,travis,mccullough
628,fine
629,enron,ees,update,language,action,legal,new,buying,california,ena,key,contracts,john,pat,michael,bankruptcy,steve,talk,points,richard,options,hansen,mccubbin
630,mark,meeting,california,jan,power,david,greg,davis,robert,karen
631,california
632,rotation,america
633,hydro,outlook
634,costs,additional,allen,detached,units,winmail,rates,required cash,cbpres,management
635,lease,afternoon
636,million
637,matt
638,equity,construction,profit,split,builder,fixed,permanent
639,pool,formted
640,file,davis,mime,message,dirty,news
641,director,manager,marketing,special,phillip,plan,possible,group,payments,split,west,trading
642,bank
643,michael,jim,generation,new,comnes
645,director,manager,marketing,special,phillip,plan,possible,payments,group,split,west,trading
646,idsmonique
647,traders
648,technology
649,resource,requested,approve
650,proforma
651,open,marcos
652,pallen
653,enron,timely,values,corp,track,late,rose supply,sheet,spread
654,sandiego,electric,diego,version
655,marcos
656,barry,equipment,screens
657,director,manager,marketing,phillip,special,possible,west,gas,trading,payments,group,split
658,enron,nov,allen,yahoo,durango,cancellation,vitol,confirmation,hotel,night,rac
659,contact,plant,appreciate,list,nixon expansion,start,anticipated,resource,county,siting,online,date
660,sandiego,version
661,allen,resumes,winmail
662,generation
663,aug
664,news
665,space
666,notice,san,juan
667,deals,november,bidweek
668,team,databases,hardware,test server
669,support
670,review
672,sandiego,electric
673,trading,allen
674,body,screens
675,gate,dns
676,gas price,microturbines,generate,deal,power,electric,installation,term,fixed,forwarded,customer,number,honeywell,cost,frwy
677,enron,floor gas,termsmr
678,draw,cash,cost,date,developer,payee,bishops,greg,thorse,total,messenger
679,requested,resource,acceptance
681,travel,image,discounts plus,gas,save,program,click,hotel,phillip
682,enron,support,email,internet,technology,addresses,necessary,alan,application,standard,firstname,lastname
683,staff,ferc,iso,informal,written comments,periodic,discussion,fisher,pease,enforcement,time
685,file,message,mime,gas prices,spot,news,reporting
686,security,identification,tag,outside,simply,usage,shop
687,weekend,problems,thanks,good
688,party,officer,financial,meetingi
689,imag,jan,chang,market,story,oil,price,close,psc,japan,stocks,coal,petroleum,backs,braz,kruptcy,nasdaq,energy,news,briefs,envir onmental,cleans,source,tradingday,yahoo,customers,enron,ind,mge,state,plan,plant,res
690,david,news,file,anchordesk,revealed,larry,job,zdnet,messages,latest,microsoft,music,antitrust,customer,srivats,service,monopoly,_____________________crucial,hands,investigation,information,potential,windows,plus,developers troubleshoot,techupdate
691,gas,line,including,notifications,ngi,intelligence,natural
692,today,future
693,earnings,axp,est,research,eps,securities,years,upcoming,dec,view,markets,image,bear,financial,avg,growth,estimates,mar,express,terms,data,announcements,csfb,world,ustry,sector
695,fantasy,question,image,players,defense,click,wideout,recommend starting,new,davis,like,thrash,james,best,chris,matchup,football,icon,jeff,charlie,vermeil,sha,brookins,supp,run,email,guru,view,report,sport,gridiron,weeks,pinkston,laveranues,carol,ends,walls,tip,drop,offensive
696,requested,resource,acceptance
697,october,line
698,online,barney,service,confirms,acrobat,portfolio,access,salomon,client
699,center,transferred,enron,building,ets,following,free
701,volumes,changes,monday,increment
703,upgraded,buy,ene,merrill,market,coverage,internet,briefing,capital,image
704,gas,pollution coal,power,electricity,news,years,energy,unit,long,bergstrom,billion,studness president,fired,generation,company,natural,says,remain,operating,utilities,technical,dynegy,midwest,burning,forbes,megawatts,vice,sales,hot exhaust,scenario sounds,research,edison,troubled,commonwealth,systems
705,employees,video,houston,enron badge,security,tuesday,yvonne,paulo,dubai,new,calgary,bothell
706,additional,contact,veronica
707,imag,atlas,power,pricing,line,electric,page,american,expert,service,portable,promotion,priority,activity,today,state,custserv,megawatt,north,regions,introductory
708,openspirit,weekly,baptist,email,spouse,ashford,suite
709,daily,chris,fundies,operations,weather
710,october,wednesday
711,free,offer,nuts,media
713,anchordesk,news,web,preston,intel,job,service,plus,free,questions,consumer,sun,zdnet,price,systems,pizzazz,_____________________crucial,mechanical,john,_____________________expert,answered_____________________david,economy,hello,deal,advice_____________________,fly
714,weight,vivatrim,free,new,click,younger,want,forget strenuous,england,diet
715,employees,new,regency,imperial
716,invested,funds,new,approaching,deductions,plan,savings,enron,contribution
717,jdrf,enron,october,sales,walk,tickets,diabetes,fun activities,mike,janice,join,del,walker,southern,entertainment,provided,area,coast,sneakers,raffle
718,requested,resource,acceptance
719,access,cost,business,color,year,pep,application,reporting
720,early,work,desk,sincerely
721,comments,gas,file,thursday,original,mike,leslie,hewitt,allen,stephanie,nicolay,tholt,matt,susan,keith,gay,suzanne
722,jason,external candidates,track,total,internal,awaiting feedback,final recommendations,zoya,leon
723,music
724,john,portland,participant,allen,kathy,monday,cooper,ryan
725,strategy,portland,kathy
726,new,enron,power,west,fax,wtc
727,upgraded,buy,coverage,ene,merrill,market,capital,briefing,internet,ion,image
728,jeff,building,style,october,wide door,usually,laod,school,dad,bit,soffit,right,entry
729,image,receive,updating,page
730,buy,coverage,downgraded,securities,internet,glw,initiate,briefing,lynch,upgraded,image,site map privacy policy,earnings,downgra,epoch,deutsche
731,image,phillip,click,iwon,email
732,bennett,sent,original,jose,davenport,kaye,keith,ford,tony,subject,jacobson,murillo
733,winstead,agreement,reimbursement,agape,phillip,thanks,escrow
734,winstead,texas,thanks,utility,enclosed
735,winstead,deed,company acknowledged,apts,avenue,lakeline
736,com,use,enron,original,winstead,special,apts,michelle,deed,contract,company acknowledged,avenue
737,winstead,phillip,reimbursement,thanks,avenue
739,phillip,tuesday,randy
740,online,image,sprint,digital,free,customers,state,certificate,trio,distance,phillip,thing
741,compaq,amid,loss,amazon,jobs,career,careerjournal,alert,service,retailer,selections,monday
742,earnings,eog,est,estimates,eps,net,years,growth,upcoming,image,financial,wiel,oils,avg,view,markets,research data,industry,continuing current,terms,salomon,mundy,sanders,raymond,klauer,freidman,morris,james,lyonnais
743,coverage,buy,market,morgan,upgraded,downgraded,internet,capital,cpn,briefing,image,master,privacy policy,site
744,incorrect
745,buy,downgrad,coverag,upgraded,market,jdsu,hold,salomon,barney,brothers,image,csfb,cibc,robertson,earnings,policy,merrill,site map privacy
746,job,amr,careerjournal,alert,career,financial,service,analysts,quarterly,continuous,monday,selections,eastman,drop
747,league,commissioner,basketball,reports,including,prizes,email,great,fantasy
748,today,kathie
749,online,barney,service,confirms,acrobat,portfolio,access,salomon,client
750,news,anchordesk,robert,apple,job,preston,tech,security,somogyi,stephen,home,zdnet,price,counterparts,service,launched,saying,bit,video,plus,frustration,_____________________crucial,popularity,use,business,sony
751,requested,resource,acceptance
752,minutes,services,telecom,market,energy,capability,industry,providers,region,presentation,insight,online,analyst
753,times,community,family,nation,hope
754,requested,resource,acceptance
755,associate recruiting,ena,saturday,candidates,sessions,total,analyst,friday,karen
757,designated,learner,example,high,kirk,mery,revisions,accenture,tim,phillip,report,article,period,following condition,thanks,development,present
758,card,getsmart,providian,product offerings,future,chip,account,introductory,pricing,online,click,smart
759,upgraded,buy,coverage,ene,merrill,market,securities,com,internet,privacy policy,image
761,contracts,huntley,enron,use,thank,sent,disclosure,possibly,valley,building,problems,heather probably,message,real,commission
762,regards,candidatehi
763,adrianne,mike,track,office,effort,wednesday
764,filing
765,upgraded,buy,ene,merrill,market,policy,site,internet,coverage,briefing,position
766,expense,report
767,news,price,anchordesk,apple,janice,preston,job,today,web,_____________________expert,xp_____________________david,service,notebook,software,listings,knowledgeable technical,systems,forget,zdnet,expenses
768,image,growth,book,cloud,amazon,person,account,preferences,yancey,receive,soul,southerland,donahue,robinson
769,image,offers,pounds,network,email,online
770,click
771,strategic,focused,origination,roles,producing,gas,business,markets,groups,fred,laura,unchanged,optimization,additional,regional
772,natgas
773,credit,reports,www,guard service,insight,access,signing,ratings,employers insurance,offers brought
774,requested,resource,acceptance
775,email,mortgag,schwab,ents,loans,reserved,charles,ively,lows,responses,housing,securely,rate,information,service,rights,lowscan,sipc
776,jeff,enron,continue,named,operating,office,financial,vice
777,earnings,eps,est,mar,announces,years,image,view,estimates,upcoming,robertson,financial,amgn,avg,research,data,dec,terms,morgan,lynch,pershing,discount,sector,net,kets
778,buyers,smith
779,image,online,digital,low,bass,sprint long distance,customers,free,player,hayo,awaiting,requires,adjust,status,display,redemption,stereo,recurring
780,imag,morpheus,news,feature,click,free,talking,phone,credit,software,announcement,services,network,stay,quick,lickety,colors,completing,streamcast,compatible,questi,technology,passwords,advert,simply,users,report,articles produce video,files,egift
781,earnings,cpn,est,eps,estimates,image,growth,years,view,upcoming,utilities,markets,research,avg,terms,dec,net,provider,mar,rch data,bear,cibc,barings
782,ferc,meeting,connection,season,annual,special,price,seminar,findings,federal,internet
783,ferc,meeting,monday,connection,october,season,annual,www,special,capcon,sent,price,seminar,federal
784,buy,upgraded,ene,merrill,market,coverage,policy,site,internet,briefing,bear,position
785,jdsu,earnings,securities,eps,est,estimates,research,jun,capital,image,investment,years,view,bank,announcements,upcoming,epoch,financial,robertson,markets,growth,avg,data,industry,mar,corporation,sands,site,policy
786,access,requested
787,image,iwon,entry,sprint,win,receive,email,monthly,sweepstakes
788,emails,tenants,years,integrity,properties,fax,office
789,trader,trade,cash,win,investor,service,free,alerts
790,free,online,image,customers,sprint long distance,state,arrangements,certificate,display,lcd,talkabouts,options,motorola,radios
791,taxes,renee,phillip,distribution_,thank,income,pam,original
792,outages,servers,backout,center,pager,time,impacted,enron,services,disks,networking,contact,ees,environments,new,information,edi_qa,provided,purpose,access,help,management,powered,building,data,scheduled,brennan,bangerter,support,brian
793,news,anchordesk,secure,greg,anti,job,david,john,plus,preston,think user,law,service,price,josh,software,acted,coursey_____________________,systems,web,site,jane,easy,files,moving,animations,snazzy
794,documents,litigation,enron,court,jim,related party,remain,suspended,reform,securities
795,investment,savings,plans,financial,friday,transition period,begins
796,auctions,resort,start,vegas,cruises,ubid,today,casino,gage,certified,line,agent,http,advertised,services,levels,hotel,customer,vacations,bid,tourister,chips,privacy
797,enron,mammograms,wellness,november,mammography,certification,shop,http
798,enron,accessible,gss,telecommunications,offices,sourcing,located,international,numbers,cards,beginning,friday,contract
799,image,receive,preferences,information
800,requested,resource,acceptance
801,requested,resource,acceptance
802,governing,west,baseload
803,imag,story,nov,change,close,oil,germany,project,proposes,gas markets,japan,braz,source,point,briefs,headlines,news,divisiveness,like,customer service,plan moving,util,nasdaq,enron,caf,group,refuge,mandate,nce,california,anwr vehicle
804,designated,learner,example,high,kirk,good,period following,thanks,mery,accept,report,revisions,phillip,accenture,deliverables,phase,cheers,present,article,yevgeny,tim
805,mery,accenture,dial,direct
806,threats,security,suspicious,enforcement
807,image,email
808,buy,downgraded,coverage,upgrades,market,stephens,brothers,csfb,internet,jdsu,hold,hark,briefing,salomon,soundview,site,policy,image,barney,robertson,earnings,rauscher
809,upgraded,buy,coverag,ene,market,downg,internet,lynch,briefing,smith,image,policy
812,buy,coverage,upgraded,market,robertson,jdsu,jef,view,initiated,hold,salomon,briefing,barney,brothers,csfb,cibc,site map privacy policy,earnings
813,pros,energy,industry,optimize,workshops,revenue,managing,agenda,senior,solutions,pricing,candy,staff,year,dynamic,announced,soli,perspective,www,commerce,client,president,information,breakfast,matt,following,continental
814,ago,enron,floor,power,apollard
815,phillip
816,requested,resource,acceptance
817,thursday,trading
818,expense,report
819,microsoft,anchordesk,david,larry,news,preston,web,tech,apple,service,strong,audiences,free,fiorina,mcnealy,_____________________crucial,crm,password,zdnet,gift,joined,citrix,software maker,activation,gorilla,execs crave,speech,content,technology
820,report,owner
821,enron,holiday,cancer,employees,free,aeros,heart,night,shopping,web,screen,training
822,statements,questions,barney,service,salomon,acrobat,documents,online,client,portfolio,link,usually
823,services,opportunities,discounted,opt,image,warmest,rewarding,away,offers,phillip,email,inclu,titles
826,waterhouse,market,upward,ira,news,stock,financial,gdp growth,funds rate,quarter,services,able,alloc,arbeter,reinvestment,completeness,lev,resistance,downward,investor,reserves remains,according,nyse,negative,widespread,bot,cycle
827,record,email,shipped,include,address,discs,card,fax phone,contacts,ordered,marketing,news,company,zip,countries,informative,data,databases,masterdisc,online,available,billed,sic,domains,completed,state,discount,customer,express,priority,contains,webmaster,dakota,removal,owner_name_,taxes,local,files,title,code,california,admin,washington,mail,fortune,versions,tech_contact_name_,credits,admin_contact_name_,verify,extract,coral,sales,fields,promotional,american,city,charges,name_server_,osta,use,delivery,software,check,section,book,listed
828,requested,resource,acceptance
829,press,enron,relations,calls,callstrade
830,governing,baseload,west
831,outages,impacted,backout,center,pager,services,enron,servers change,environments,purpose,networking,contact,ees,time,report,information,cables,access,vpn,powered,help,data,router,edi,ios,fox,weekend
832,gtc,physicals,gas,minimal,departments,customers,governing
833,lockheed,alert,company,department,amica,monday,selections,billion,copyright,subscription
834,sheettemp
835,expansionsummary,tuesday
836,wednesday,october
837,mike,pgt
838,brent,office
839,adrianne,phillip,original,brent,morning
840,phillip,adrianne,original,morning,brent
841,additional,veronica
842,accenture,use,enron,original,recipient,meet,allen,phillipkallen,monica,october,monday,confidential
843,presenter,deals,model,power,october,shirley,announcement,contract,research,following,tool,simulation,coneway,tamara
844,bishops,sincerely,today,executed
845,emails,course,integrity,estate,educational,real,services,joe,albert
846,gas,line,including,notifications,natural,intelligence
847,anchordesk,zdnet,news,holiday,larry,adrian,preston,shopping,web,creating,crm,gifts,tech,favorite,government,service,vacation,customization,graphics,happy,buy,catalog,wireless,standardizing,red,_____________________crucial,eye,lan,tools
848,image,burgers,byg,season,savings
849,online,barney,service,confirms,acrobat,portfolio,access,salomon,client
850,image,norton,shipped,offers,professional,provided,cases,retail,product,clutter,solves problems,threats optimizes,performance,faxes,sturdy,basictm
851,directv,holidays,pricing,services,offer,programming,customer,limited,features,choices,movie,equipment,electronics,standard,free,termination,suspension,design,total,ted,shipp
852,online,titanium,image,time,sprint long,phillip,quartz,customers,watch,genuin,hand,free,silver
853,promotional,free,image
854,news,anchordesk,david,microsoft,zdnet,preston,net,service,game,colorful,guide,fonts,_____________________crucial,server,hand,handhelds,notebooks,bad,_____________________expert,larry,gamecube,pallen
855,informed,news,messaging,screens,technology,cnn,turret,channel,wireless,amtel,stentophon,reduced,desk,additional,phone,things,keeping,property,nec,telephony,multi,environment,accessed,consistent,high quality,avaya
856,sunday,phillips,alert,company,selections,monday,service,subscription,financial,business
857,fantasy,image,games,question,playoff,play,starting,mike,flutie,brady,commissioner,players,muhammad,injury,weeks,team,football,bench,guru,gannon,email,trouble,san,past,tip,hakim,pinkston,denver,performance,martin
859,toyota,camry,new,image,autoweb,reliability,gene,subsequent,send,newsl,special,monthly
860,requested,resource,acceptance
861,internet,banking,november,sincerely
862,protected
863,meeting,subscription
865,comdex,new,web,anchordesk comes,zdnet,wireless,service,better,launch,myths,unique,today,gifts,search,guide,bears oxygen,taylor,josh,sites,_____________________expert,john,advice_____________________,mashed
866,new,websitein
867,credit,additional,veronica
868,markets,waterhouse,higher,recent,term,sachs,september,online,completeness,consumer,years,kaufman,economic,purp,supply,gain,attack,news,investor,lows,services,research,mark,arbeter,stimulus package,tdwaterhouse,mortgage
869,phillip,news,wills,enron,offices,quickly,use,harker,help,buyers,time,investment,post,jim,sent,file,phillipkallen,tomorrow,pallen,original
870,thanks
871,working,financial,paycheck,napoleon,quick,minute,incidents,simply click
872,west
873,credit,online,gold,image,card,offers,household
874,stenos,alex,original,thanks,brandee
875,term,sincerely,job
876,wires,black,pilots,ina,voice,pack
877,courses,review,registrations,mba,gmat,employees,enron,monday,tuition,completed,applicants,exams,class,information,specific,financial,offices,schools,enrollments,gpa,experience,weeks,faxes
878,room,use,play,original,enron,allen,sent,ideas,parking,wall,dormer,forward,bedroom,bob,file,phillip,edwards,yesterday
879,holiday,employees,given,considered,canceledi,ken,party
880,requested,resource,acceptance
881,tuesday,participant,kathy,infoplease
882,requested,resource,acceptance
883,enron,volunteer,opportunity,weight,community,relations web,noah
884,mike,desk,biliana,deals,south,matt,frank,gay,monday
885,west
886,privileged,ext,mery
887,news,anchordesk,wayne,apple,zdnet,bloatware,preston,factor,advice_____________________,html,computing,security,perfect,ample lip service,taylor,josh,notebooks,handhelds,going,boost,pentagon,wireless,gift,_____________________crucial,trial,pallen
888,news,anchordesk,zdnet,phones,gifts,gadget,tech,shop online,larry,buying,servers,internet,service,technological,standard,advice_____________________,analysis,lee,preston,approach,camera,digital,best,notebooks,pallen,sql,company,carr
889,report,owner
890,gifts,image,items,toys,click,holidays,email,perfect,person,big,stocking,password,list,electronics
891,imag,change,story,jan,says,news,germany,gas,coal,market,close,december,plant,unit,fine,braz,insight,japan,mexico,nasdaq,briefs,begins,dis,tribution,posed affiliate,env ironmental,vital information,cleans,enron
892,center,content,email,html,table,color,title,line,face,mailing,size,border,width
894,online,barney,service,confirms,acrobat,portfolio,access,salomon,client
895,requested,resource,acceptance
896,basis,notification
897,iwon,image,dvd,email,wave,color,win prizes,casino,phillip
898,imag,cars,usa,resources,reuters,new,november,online,ford,loan,extends,auto,buy,fiat,line,italy,lancia,save,ceo,big future,shakeup,autotoolbox,rack
899,requested,resource,acceptance
900,image,click,phillip,email,bud
901,imag,wireless,free,service,experience,time,cellular,today
902,image,questionable,week,football,new,fantasy,trouble,staley,ricky,players,commissioner,getting,dillon,brady,good,standings,hearst,sortable,game,respectable,status,set,like,guru,diego,answer,win,email,receive,playing
903,janice,anchordesk,news,zdnet,holiday,web,free,online,phones,service,weekend,preston,past,turkey,extra,coursey_____________________,retail,like,lame,business,_____________________crucial,play,games,handhelds,notebooks,fbi,departs
904,image,average,showtimes,harry,stone,link,martin,weekend,heading,toy,animated,beloved,rights,rtony,near,pitt,black,game,custome,lawrence,opening,weekly,ethan,day,monsters,washington,rdenzel,amelie,rgene,rseth,dunvale,rdr,code,grint,studio,dogg
905,requested,resource,acceptance
906,file,message,mime,spot,following
907,desk
908,outages,impacted,purpose,pager,environments,server,enron,time,center,backout restore,enpower,contact,infinity,ees,data,equities,disk space,siebel,maintenance,help,performance,jordan,nahou,michael,cpr,global,sitara,rms,edi,pops,ecm
909,expense,report
910,meeting,ferc,interconnect,internet,denver,agenda,special,open,annual,david,commission,topic,connection,dec,wednesday
911,programs,service,match,vip,employees,time,commercial,immediate,operating,orders,enron,volunteer
912,requested,resource,acceptance
913,image,free,review issues plus,weekly,business,special,news,digital
914,west
915,image
916,new,selling,image,click,hartford,inform,car,gmc,vehicles,researching,ford,ratings,rebate,buick,envoy,profiles,mercedes,durango,offers,november,home,hyundai,toyota,autoweb,suv,test,financing,crash,quote,online,buy
917,news,anchordesk,comdex,zdnet,stephen,search,service,ipod,report,malicious,antitrust,preston,_____________________crucial,version,jobs,gift,guide,notebooks,handhelds,potter,robert,attacks,reality,linux,las,trial,violations,pallen
918,thanks,estimatesgood
919,requested,resource,acceptance
920,pros,revenues,optimize,industry,management,time,profitable,street,provide,energy,seminars,solutions,storage,incremental,staff,www,locations ask,free,conference access,telephone,client
921,meeting,tuesday,ina,scott,mog,south,frank,sent
922,discounted,mailing,welcome,deals,negotiating,opportunity,click,rewarding online,day,attached,night,image
924,dec,positions,mid
925,west
926,openspirit,weekly,baptist,spouse,email,ashford,suite
927,requested,resource,external
928,requested,resource,external
929,updates,addressed,questions
930,enron,use,phillip,sent,original,thank,apkpcp,npw
931,npw
932,work,plus fixed fee,delivery,attached,mike,immediately
933,sections,balances,david,plan,disability,dollar,original,neal share,subject,distributed,sum,stock,election
934,markets,margin,waterhouse,corporations,economic,technological,stocks,greater,sachs,new,low,productivity,select,borrowing,online,early,kaufman,completeness,nomy,protection,services,tdwaterhouse,research,investing,nyse,continuing,start
935,fax,property,san
936,review,risk,accenture,topic,kirk,enron,monday,forward,reese,smes,eod,script,privileged,happy,lewis,schedules,mcmichael,quigley,berney,tomorrow,following,upcoming,structure,mark,nov,plaza
937,accenture,kirk,topic_v,december,process,help,privileged,subtract,cob,content,challenging,org,berney,structure,vpn,plaza
938,days,accenture
939,enron,meet,mery,privileged,use,friday,phillip,reviews,recipient,contain,subject,original
940,enron,purchase,option,dutch,need,embedded
941,swap,need,cash
942,news,anchordesk,zdnet,holiday,cable,time,telephone service,preston,john,site,josh,windows,gets,plugged,crm,gifts,digital jukebox,bells,_____________________expert,apple,favorite,products,difference,realm,carr
943,option,need,dutch
944,dutch
945,topic
946,identification
947,topic_v,aucoin,berney,kirk,given
948,yevgeny,brm,enrons,cutting,accenture,option,external,cases,new company,question,going,phillip,original,kirk,coleman,sent,subject,exercises
949,gas,privileged,problems,thanksgiving,volumes,risk
950,clicking,world,free software,virtua,crayola,email,heritage,chessmaster,designer,act,sega,encyclopedia,simon,today,squad,food,deer,rabbit,tom,house,interactive,marketing
951,west
952,news,anchordesk,holiday,zdnet,radio,tech,john,gifts,looks,services,fashion,stephan,pro,stuffing,web,analysis,pcs,pressplay,listings,site,hot,preston,intel,gralla,cross,try,worm
953,requested,resource,acceptance
954,report,owner
955,image,receive,communication,preferences,updating
956,image,online,chase,wide,automatically,offers,cards,accounts,shop,free,securely,future
957,requested,resource,acceptance
958,ibs,accounts,information,payments,password,phone,login,gordon,right,mail,geninfo,sincerely,blown,prized,christina,address,data,manager
960,tuesday,kathy,participant,infoplease
961,balances,stock,disability,sum,distributed,election,sections
962,wireless,alert,monday,selections,phones,minister,downtime,click,offers,subscription,decisions,official
963,weekend,privileged,topic,feedback,approach,reviews
964,accounts,sections,share,stock,sum,plan,administrators,payment,complicated,reg,phillip,corp,methodology,payout,scott,martin
965,basis
966,brm,choice
967,wednesday,number,privileged,risk,best
968,market,report,skipping,texas,comprehensive,questions,complete,participant,rules,electronically,identification,time,information,law,number
969,backtest,data,frank,files,feedback,john,included,chase,original
970,stack,product,gas,scott,shively,john,martin,trader,monday,sever
971,image,code,subscription
972,pass,cost,enron,parking,time,bus,metro
973,technologies,electronic,ebpp,customer,life,component,internet,performed,monday,selections,content,street,thursday
974,image,time,email,forgot,rules
975,anchordesk,news,zdnet,preston,robert,web,coming,best,perfect,janice,messages,crm,_____________________crucial,sense,service,better,security,radio,longer,notebook,standardizing,wireless,digital,gifts,chen,dogs,crawl_____________________david
976,requested,resource,intercontinental
977,investments,tech,reports,investor,securities,stock,trial,edge,known,service,important,members,premium,product,best telecom,bonus,thestreet,regulatory,broker
978,requested,resource,acceptance
979,newgen
980,cable,wireless,customer,phones,monday,selections,street,offers,decisions,subscription,journal
981,gas,intelligence,notifications,line,including,friday
982,cable,customer,content,electronic,ebpp,monday,component,selections,alert,street,journal,jones
983,file,message,mime,spotwed,price,report,bytes
984,december,houston,available,times,performance,enron,click,holidays,happy,ticketmaster
985,center,help,scheduledas,harry,north
986,phillip,music
987,work,feel
988,data,chase,included,feedback,files,backtest
989,product,sever,access,company,online
990,dailytotal
991,requested,resource,external
992,image,weight,plan,offers,diet,relief,stop,weekly,helped slowly,completely,network,email
993,land
994,emails,integrity,retail,road,area,price,county,properties,center,creek,office,joe,highway
995,classes,market,bird,traders,charts,basics,sell,like,early,kase,image,detailed,methods,manner,managing,risk,learn
996,html,table,font,width,fireworks,content,div,height,offer,border,img,text,shim,head,http,created,cellular
997,anchordesk,news,janice,preston,service,getting,online,finding,ebusiness,industry,downloads,solutions,terrorism,job,right,_____________________crucial,music,juice,_____________________expert,gralla,authentication,movies,shares,chen,utility
998,click,time,image,grocery,coupons
999,report,owner,technical
1000,plays,com,football,image,advertised,privacy,line,planters,informat
1001,envoy,suvs,image,new,choices,autoweb,big,improv,predecessor,est,years
1002,camera,phillip,distance,sprint,free,image,digital,promotion,certificate,confidential
1003,file attachment,message,mime,spotwed
1004,requested,resource,acceptance
1005,image,email,home,phillip,time,trivia
1006,image,story,nov,market,change,energy,oil,germany,power,close,news,examining,gas,countries,ulations,braz,united,income,northwest,nasdaq,briefs,japan,mexico,customer participation forces,hydrogen,telecom,nikkei,headlines,options,ful,production
1007,buy,coverage,upgraded,market,outperform,msft,initi,internet,thomas,list,briefing,secur,barney,site,policy,image,goldman
1008,service,quarterly,beat,self,transformation,alert,selections,monday,business,apple,emc,jones,copyright,dow
1009,mery,accenture,dial,direct,resources
1010,lease,specials,color,laserjet,school,savings,deals,free,businesses,promotions,lane,time,site,away
1012,access,requested
1013,requested,resource
1014,customer,survey,class
1015,meeting,monday,room,managing
1016,thanks,followup
1017,news,anchordesk,web,plus,transistor,service,flat,john,single,filing,david,josh,solutions,job,ebusiness,preston,_____________________crucial,today,instead,zdnet,fewer,sun,incompatible,nanotechnology,pdf,latest,pallen,berlind,nerds
1018,service,self,transformation,monday,selections,alert,online,business,journal,street,jones
1019,requested,resource,acceptance
1020,physical,neuner,monthly
1021,friday,meeting,august,ena,scott,kimberly,chapman,committee,john,david,thanks,management,gustafson,feel
1022,hotmail,report,tomorrow,phillip
1023,hotmail,report,frig,office,daily,lucy
1024,hotmail,duties,tenant,apartment,people,daily
1025,generation,jim,sorry,belden
1026,information,john,selection,form,provide,email,smith,subject,thursday,original,services,program,allen,sent
1027,fyi,caps,america
1028,living,style,dining,concrete,simply,office,pallen,gifts,original,following,features,user
1029,information,email,subject,smith,christi,program,john,provide,form,selection,sent,original,services,office,importance
1030,performance,commercial support
1032,assessment,program,action,participation,enron,debbie,thursday,technical,data,survey,manager,executive
1033,utility,hotmail
1035,lots,bedroom,richards,price,rental,allen,additional,duplexes,lewter,sincerely,builders
1036,dopewars
1038,market,contact,thanks
1040,closing,atty,allen,sound
1041,gas,position
1044,trade,juan,financial,points,gas,prices,physical,index,phone,counterparty,buyer,monthly,firms
1045,trade,financial,index,juan,points,gas,prices,physical,phone,counterparty,buyer,monthly,firms,amerex
1046,hall,paul
1047,westgate,requirement,allen,unit,san,new,higher,alliance,month,richards,projects,approved,multifamily
1048,meeting,enron,corp,var,wednesday,kimberly,date,questions
1051,gas price,microturbines,generate,deal,power,electric,installation,term,fixed,forwarded,customer,number,honeywell,cost,american
1052,trading,allen
1054,george,sent,quotes,rahal,suite,branch,ext
1055,team,databases,hardware,test server
1056,deals,november,bidweek
1057,generation
1058,allen,resumes,winmail
1059,contact,plant,list,appreciate,nixon expansion,start,anticipated,resource,county,siting,date,online
1060,enron,nov,allen,yahoo,durango,cancellation,confirmation,vitol,hotel,night,rac
1061,green,bldg,sustainable,thinkers
1062,equipment,screens,phone
1063,marcos
1064,director,manager,marketing,special,phillip,plan,possible,payments,group,split,west,trading
1065,director,manager,marketing,special,phillip,plan,possible,group,payments,split,west,trading
1066,costs,additional,allen,units,detached,rates,winmail,cbpres,fee,required cash
1067,msn,roll
1068,prices,bike
1069,image,winmail,proforma,creekside
1070,george,sent,quotes,rahal,suite,branch,ext
1071,michael,jim,generation,new,comnes
1072,west
1074,gas,systems,piece
1075,marketing,buyers,austin,sent,original,brokers,follow,noi,file attached,bills,coach
1076,gas,phillip,talking,christi,markets
1077,markets,enron,gas,phillip,christy,talking,thanks
1078,notice,socal,constraint
1079,shockmachine,arcade,game,unsubscribe,playing,super,memories,high,meeting,att,link,business,list,instructions,machine
1080,asap,thanks
1081,notice,juan,san
1082,tech,hayden
1083,nov,change,close,source,germany,insight,deregulation,japan,electric,demand,braz,news,december,banner,nasdaq,market,technology,revolution
1084,extraordinary,period,tim,subject,forwarded,measuresphillip,measures,relief,game,load
1085,price,enron,diego,gas
1086,february,orientation,december,technical,associate
1087,enron,diego,gas,caps,price
1088,notice,socal,constraint
1089,enron,daily,shop,body,transportation
1090,enron,lay,pleasure,simply
1091,notice,listing
1092,supply,attached,tomorrow,puc staff
1093,timely,values,late,track,spread,sheet,rose supply
1094,file,mime,message,spotwed,price
1096,image,buy,coverage,market,downgraded,upgraded,briefing,internet,brothers,chase,action,brokerage,firm,email,site map privacy policy,perform,kasper
1097,visit,dow,composite,jobs,career,service,selections,initial,holiday,monday,careerjournal,market
1098,romans,interesting,david,builder,background,harry,research,ash,lime
1099,notice,san,juan
1100,report,sacramento,price,measures
1102,sandiego,diego
1103,notice,juan,san
1104,sandiego,final
1105,file,davis,mime,message,dirty,news
1106,requested,resource
1107,lime,arry,recommend,david,extraordinaire
1108,holiday,travel,table,audio,times,seasonal,feature,helps,nytimes,photo,mailings,lennon,privacy,news,brings,enjoy salsa music,articles,photographs,wiper,best,conversation,section,latest,information,buying,internet,remembering,wind,clunker,wednesday,dear,wiener,fantasy,exclusive,sincerely,editor,december
1109,gas,intelligence,line,notifications,ngi,dear
1110,news,autoweb,credit,car,center,check,free,href,vehicles,email newsletters,audio,quotes,great,step,installation,factory,automotive,models,java technology,dimensional,image,information
1112,pira,prospectus,study,market,gas,regions,american,basin,pipelines,california,clients,jsteele,biltmore,subscribing,pricing,key
1113,lee,news,exclusively,game,album,hulk,hero,begin,action,dear,stan
1114,summaries
1115,concrete,chemical,dry,stain,wells,house book,standard
1116,position,accuracy
1117,position,accuracy,priority
1118,bales,central,farmer near
1119,sandiego,final,version,electric
1120,enron,timely,values,corp,late,track,rose supply,sheet,spread
1121,map
1123,michael,jim,generation,new,comnes
1124,map
1125,lease,apartment
1126,hydro,outlook
1127,rotation,richards
1128,mark,meeting,california,jan,power,david,greg,davis,robert,karen
1129,enron,ees,update,language,action,legal,new,buying,california,ena,contracts,pat,key,john,michael,bankruptcy,steve,talk,points,richard,hansen,options,mccubbin
1130,enron,gas,travis,mccullough
1131,petition,divert,mike
1132,enron,kidventure
1133,enron,interviewers,need,analysts,programs,recruiting,thank,approximately,phillip,chris,immediate,fulltime,august,remember,jana
1134,gas,pricing,qfs,payment,iep,majeure,update,legislation,proposal,michael,today,left,time
1135,dexter,indexes,ngi
1136,thursday
1137,equity,construction,profit,split,builder,fixed,feel
1138,options,painewebber,shares,communications
1139,bob,cpuc,joe,michael,kent,scott,eric,ken,robert,richard,thomas,roger,doug,abb,andy brown,audit,john,paul,steve,douglas,tony,marty,ted,paula,edward,johnson,smutny,jack,neil,kathy,steven,pete,frank,president,kpmg,report,charles,web,kelly,lynn,randy,ruling,edison,following documents,email came,hughes,james,allen,wayne,jfeldman,bcragg,site,alex,nam,levitt
1141,option,desk,thanks,susan,book,wednesday
1142,materials,strategy
1143,run books,thanks,desk,night,option,susan,good,people
1144,enron,corp,prices,fleming,belden,andreas
1145,michael,available,jeff,richard,reports,governor,neil,scott,kathy,hughes,james,release,press,robert,comnes,company,sandra,ginger,harry,terri,rita,linda,bruno,walker,steve,kaufman,lazure,vanulden,wright
1146,smith,texas,fax
1147,mark,new,border,basis,california,gas
1148,physical,related,opal,sell,aec
1149,robert,california,cera,mary,elizabeth,impact,report,steve,crisis,special,mike,power,mday,analysis,phone number,comnes,leslie,sandra
1150,lee,loan,phillip,including,forms,rent,allen,history
1151,including,loan,lee,rent,original,phillip,forms,allen,income,history,app,sent
1152,draws,allen,richards,lewter
1153,costs,allen,construction loan,richards,lewter
1154,robert,daily,time,mary,elizabeth,steve,mike,jim,single,weekly,comnes,richard,tom,vance,tara,leslie,harry,sandra
1155,smith,doug,stage,amf broker,fax,texas,today,use,agreement
1156,richards,meeting,allen,phillip
1157,costs,allen,construction loan,richards,lewter
1158,enron,gas,recession,impact,corp,cera
1159,jim,new,generation,michael,forwarded,january
1160,loan,project,deals,credit,financial,sagewood,officer,typically
1161,marcos
1162,mail,anne,deals,enron,basdeload
1163,worksheet
1164,commodities,cross,phillip,john,frank,list,authorized,power,allen,friday
1165,forecast,biop,hydro,tim
1166,unit,sagewood,equity,year,requested,debt,project,rent,pro,hard construction,file,mapttra,cbpres,george
1167,mike
1168,worksheet
1169,database,gen,forecast,core,smith,matt,load,time
1170,painewebber,answered,communications,questions
1171,image,projects,buyout,phillip,total,enron,cash,george,soils,contracts,claudia,allen,bishops,professional,prior,good,unpaid,design,expenditures,richards,cbpres,lewter
1172,image,buyout,projects,total,enron,cash,contracts,claudia,allen,bishops,professional,unpaid,good,prior,design,expenditures,richards,cbpres,lewter,table
1173,materials
1174,file,checklist
1175,energy,water,said,cal,power,hour,week,aod
1176,smith,mike,matt
1177,requested,resource
1178,phillip,larry,company,buyout
1179,materials
1180,group,desk,erika,address,members,list,current,description,gas,multi,jesus,directory sync,griffin,allowed
1181,dexter,http,phillip,suite
1182,hemp,industry,poor,hcfr,farming,issue,precedence,sender,news,organic,northern
1183,index,thanks,gas,like,bob,black,assets,management,portfolio
1184,content,roof,mar,mail,reagan,thu,shaped,near,overall,design,allen,farmhouse,received
1185,roof,reagan,mail,allen,shaped,design,overall,near
1187,phillip,ees
1188,function,managing,shareholder,laird,weather,throughput related,gas
1189,market,privilege,recipient,utilities,socal,set,value,prices,regulated,quality,apr,public
1190,reductions,load,mwa,caiso demand,calif,years,total,peak,curtailing,price,aimed,economic,figure,north,america,aluminum,tim,control
1191,border,williams,short,merrill,large
1192,director,west,central,list,desks,specialist,east,approved,basis,jess,hewitt
1193,karen,phillip,slides,natural gas,york
1194,cornerphillip,today
1195,enron,real,viewing,meeting,click,ferc,video,connect,forwarded
1196,price,meeting,ray,chairman,caps,answer,delayed,finally,hebert,yesterday,filled,discussions,doors,shortages,competitive
1197,gas,image,capacity,report,notices,snapshot,prices,market,capacitycenter,intelligence,pick
1198,kean,lay,alan,ken,regulatory
1199,kean,lay,alan,ken,regulatory
1202,allen,calendar,databases,work,date,office,extension,phillip
1203,power,gas,ferc,time,wholesale,proposed,committee,update,privileges,attorney,communication,market,code,state
1205,power,gas,ferc,time,wholesale,update,proposed,committee,phillip,privileges,attorney,communication,market,code,state,items,host
1206,summary,load,additional,california,subject
1207,strategies,emissions,business,enron commercial,regulation climate,efforts,broad,strategic,rsvp,quality
1208,analyst,jones,associate
1210,nextcard,privacy,online,offer,applicant,nytimes,current,seconds,additional,apr,credit,saving money,visit
1211,buy,downgraded,upgraded,coverage,pmc,market,internet,briefing,outperform,salomon,image,site map privacy policy
1212,feedback,pep,enron,management,performance,list,completed,darron
1215,transport,curve,nwpl,basin,clay,kingsgate,storage,sitara,pgen,injection,ques,way,malin
1216,stained,colors,tiles,labor,davis,cement floor,scale,results,sautillo
1217,actual,marginal,probably,play,california,gas,looks,presentation
1218,eol,book,mick,walters
1219,downloadable,away,soon,instructions,dear,phillip
1220,storage,model,version contains,research,software,vendor
1221,materials
1223,greg,scott,marks,training,influence,program,help getting,course,mike,executive,remaining officers
1224,counterparties,customers,neal
1225,tuesday,meeting,hillis
1226,mail,west
1227,america,north,hillis,thanks,kim,meeting,july,tuesday
1228,desk,phillip,forwarded,analysts,assessment,needs
1229,positions,open,cactus,andy
1230,avg,product,america,north,access
1231,enron,filed,corp,compliance,comments,edwards,pipelines,columbia,cig,fyi,plain,filingsfyi,list,priority
1232,resource,energy
1233,vehicles,small truck
1234,terms,county,offer
1235,north,america,update,tim,jim,generation
1236,wish
1237,website
1238,requested,resource,data
1239,jeff,requested,resource,phy,non
1240,enron,corp,transportation,model,mark,manager,griffith,books believe
1241,permian,socal
1242,heather,positions,original,sent,allen,tim,thank
1243,anchordesk,news,zdnet,lee,wireless,preston,messages,tech,rash,wayne,hope,gifts,pretty,crm,downloads,crystal,making,service,battlefield,standardizing,secrets,catching,peer,converts,predictions,takes,tale
1244,gas,including,notifications,line,ngi,intelligence,natural
1245,image,click,email,iwon,phillip,prize
1246,plan,year,new,detailed,communicate,list,tammy,restart,south,andy,number,good time
1247,requested,resource,acceptance
1248,news,anchordesk,zdnet,year,stephan,robert,microsoft love,preston,remedy,sure beat,crm,service,woes,gifts,windows,standardizing,wireless,vamosi,lan,_____________________crucial,case,_____________________david
1249,width,pizzas,offers,font,size,img,bgcolor,image,align,table,border,new,privacy,body,coords,printing,coupons,sportsline
1250,intelligence,line,notifications,including,tuesday,ngi
1251,gas,intelligence,including,line,notifications,wednesday
1252,requested,resource,acceptance
1253,communications,service,hunter,bishopscontract
1254,communications,service,agreement,williams
1255,panels,energy,cost,roof,use,manager,enron,custom home,original,wednesday,san,alternatives,spray insulation,richard,phillip,stick,allen
1256,sales,oaks,jeff
1257,title
1258,thanks
1259,winstead,mmp,avenue,phillip
1260,winstead,mmpred,avenue,phillip
1261,draw,express,contracts,keith,bishops
1262,accenture,righi,risk,simulation,management,monica
1263,original,frank,brad,sent,optics,release,david
1264,huntley,use,enron,original,sent,title,phillip,policy
1265,accenture,use,enron,meeting,recipient,monica,october,monday,confidential,contain privileged
1266,buy,coverage,upgraded,market,com,hold,needham,cibc,morgan,internet,briefing,csco,research,company,site map privacy policy,image,lazard,action
1267,buy,downgraded,coverag,upgrades,market,eog,accumulate,briefing,internet,prov,bank,policy,site,image
1269,west,enron,including,gen
1271,tuesday,portland,participant,kathy
1272,requested,resource,acceptance
1273,enron,request,copy,hard,wtc,fax
1274,breakout
1275,phillip,click,email,good,forgot
1276,requested,resource,acceptance
1277,looking,thierheimer,jim,bilby,golf,sbilby,wedding,stephen,original,public
1278,gas,intelligence,notifications,including,line,tuesday
1279,training,nexis,basics,customize,presentations,interactive,time,clinics,publications,company information,attend,esource,lexis,online
1280,report,owner
1281,muni,ubspainewebber,phillip,proposal,communications
1282,phase,customers,plan,webb,credit,target,time,focus,different,oxley,completed
1283,shares,payments,stock,renee,thursday,market,termination,plan provision,day preceding,transferring recordkeeping,distributing,taxes
1284,account,bank,information,state,surfing,columns,address,converted,sincerely,transaction
1285,information,ibs,password,accounts,gordon,today,message,zip,mail,correctly login,geninfo,invalid,sincerely
1286,stories,sme,kirk,thank,send,shoot,privileged,revised,contacted,good,number
1287,enron,type,scripts,accenture,performance,kirk,legal,privileged,issues,scenario,cheers,intro,review,addition,comments,michelle,vpn
1288,thank,accenture,scenario,sheri,production,videos,trader,kirk,additional,day,edits,conversion,steve,chris,legal,media,thanksgiving,privileged,enron,direct,delete,dial,subject,suite,cciotoli,lee
1289,privileged,ina,enron
1290,draw,cash,cost,developer,payee,bishops,greg,total
1291,natgas
1292,emails,sales,integrity,property,convenience,joe,retail,strip,excellent
1293,stocks
1294,enron,like,wills,use,cash,actually,phillip,originally,lease,time,repair,post,manner,different,cost,office,construction,jim,new,renewals
1295,governing,north
1296,requested,resource,acceptance
1297,accounts,sections,share,stock,sum,plan,administrators,payment,complicated,reg,phillip,corp,methodology,payout,martin,scott
1298,privileged,weekend,feedback,topic,approach,reviews
1299,clicking,world,free software,virtua,email,chessmaster,heritage,designer,simon,sega,act,encyclopedia,today,crayola,interactive,squad,cookbook,deer,food,rabbit,tom,house
1300,balances,stock,disability,sum,distributed,election,sections
1301,privileged,number,wednesday,risk,path
1302,image,receive,preferences,updating,communication
1303,ibs,accounts,information,payments,password,phone,login,gordon,right,mail,geninfo,sincerely,blown,prized,christina,address,data,manager
1304,free,image,rewards,certificate,online,state,customers,sprint,internet,promotion excludes,plan,distance
1305,free,report,market,analysts,research,click,stock,investment,america,says,investors,place,update,ash,industrial,finances,future,hot,screen,securities answers,broadband,sectors,bear,services,time,trends,daily,latin,space,hold,sponsor,email,herring insight,street,predicting,stearns,american,multex,mailings
1307,sacramento,report,measures,price
1308,notice,san,juan
1309,visit,dow,composite,jobs,career,initial,selections,service,holiday,monday,careerjournal,market
1310,timely,values,late,track,sheet,spread,rose supply
1311,image,buy,coverage,market,downgraded,upgraded,briefing,internet,brothers,chase,brokerage,action,firm,email,site map privacy policy,perform,kasper
1312,supply,tomorrow,attached,puc staff
1314,news,autoweb,credit,car,center,check,free,href,vehicles,email newsletters,audio,quotes,great,installation,step,factory,models,automotive,java technology,dimensional,image,information
1315,file,message,mime,spotwed,price
1316,notice,listing
1317,enron,lay,pleasure,simply
1318,notice,socal,constraint
1319,enron,price,river,diego,richard,infrastructure
1320,february,orientation,december,technical,associate
1321,enron,sarah,price,diego,comments,gas
1322,price,enron,diego,capsplease
1323,extraordinary,period,tim,subject,forwarded,measuresphillip,measures,relief,game,load
1324,gas,intelligence,notifications,line,dear,ngi
1325,nov,change,close,source,germany,insight,deregulation,japan,electric,demand,braz,news,december,banner,nasdaq,market,technology,revolution
1326,tech
1327,notice,san,juan
1328,thanks,asap
1329,notice,socal,constraint
1330,markets,enron,gas,phillip,christy,talking,thanks
1331,markets,gas,point,talking,thanks
1332,marketing,buyers,austin,sent,original,brokers,follow,noi,file attached,bills,coach
1333,gas,systems,tiffany
1335,michael,jim,generation,new,comnes
1336,image,winmail,proforma,creekside
1337,alliance
1340,feedback,pep,enron,management,performance,list,completed,yeun
1341,buy,downgraded,upgraded,coverage,pmc,market,internet,briefing,outperform,salomon,image,site map privacy policy
1342,nextcard,privacy,online,offer,applicant,nytimes,current,additional,seconds,apr,credit,visit,saving money
1343,power,trade,traders,demand,day,weather,today,based,said,megawatts,amid,high,markets,california peak,southern,lower,bloomberg,following,new,increase,electric,coast,east,west,index,cinergy,interconnected,temperature,energy,sold,mid,corp,region,grid,transmission,delivery tomorrow,higher,wednesday,contracts,cause,degree,tennessee,dailies,area,week,southeast,ranged,spot,problems,tra,bids,brian,exchanged,nuclear,york,expectation,winter,volumes,scheduled,entergy,fell,heat,table,north,monday,climbing,northern,closed,season
1344,analyst,jones,associate
1345,requested,resource
1346,strategies,emissions,business,enron commercial,regulation climate,efforts,broad,strategic,rsvp,quality
1347,file,davis,message,mime,dirty,news
1348,sandiego,version
1349,notice,san,juan
1350,sandiego,version
1351,phillip,fax,smith,jsmith,property,addition
1352,financial,gas,trades,bcf,jay,phillip
1353,karen,david,jean,meier,baughman,adrianne,kim,ben,allen,original,vickers
1354,phillip,file,stagecoach,pauline,smith,partnership,original,tuesday,road,texas,settlement
1355,west,phillip,gas,track,faith,wednesday,sent,barry
1356,information,designs,foundations,engineer,phillip,actually,original,floorplan,sabas
1357,price,estate,tract,exchange,entity,letter,apartment,phillip,allen,partnership
1358,trades,financial,gas,bcf,phillip,original
1359,bills,transfer,jeff,phone,items,check,holder,original,assignment
1360,data,market,date,finds,ray,comments,paso,including,merchant,requirements,reporting,financial,trade,donna
1361,contract,customer,hertzberg,utilities,states,market,core,jeff,power,dwr,christian,access,phillip,possible,structure,confidential,enron,like,cost,solution,small,energy,tim,type recovery,calger,group
1362,phillip,bishops,corner
1363,ferc,items,time,asserted,mitigation,order,epsa,compliance,proposed agenda,privileges,independent,picture,attorney,communicate,wholesale,power,device,code,activities,gas
1364,ferc,items,time,dave,mitigation,asserted,order,epsa,compliance,proposed,agenda,picture,independent,attorney,privileges,communicate,wholesale,power,device,linda,code,activities
1365,david,issues,original,appreciate,job,phillip
1366,financial,gas,bcf,trades,jay,phillip
1367,newgen,saying,june
1368,list,wednesday
1369,message,ferc,gas,wednesday,phillip,points,western,privileges,wholesale,staff,attorney,communication,rebecca,leslie,subject
1370,jim,storage,working,initial,project,thanks,sent,east,eva,original,time,located,flexibility
1371,trading,performance,david,original,issues,job,process,appreciate,phillip
1372,message,ferc,gas,wednesday,phillip,points,western,cantrell,privileges,wholesale,staff,becky,communication,rebecca,leslie,subject
1373,attorney,pacific,phillip,pauline,real,jsmith,documents
1374,good,kelsey,soon,fun,shape,discussing,candid,looks,sent,neal,camp
1375,wednesday
1376,smith,texas,jacques,maybe
1377,david,enron,goldman,tim,issues,greg,john,mark,report,shares,leboe,presto,price,rob,fernley
1378,phillip,transaction,consent,duty,base,pacific,sent
1379,jeff,california gas intrastate,buerger,hedging unbundling,allen,july,leslie
1381,july,mailto,rubena,california,lawner,needs,jeff,code,hedging unbundling
1382,tim,john,briefing,allen
1383,gas,oei management,include,product,exploration,bid,desks,barry,outsourcing,discovery,operating,phillip,scott,additional,pipeline,area,energy,deepwater,sent,reserve,reference,permian,services,north,mountains,hunter,kelly,eric,brawner,linda,american supply,block
1384,true,party,eol,invited,light,indecency,phone,parking,dress
1385,gas,hedging,cpuc,infrastructure,jeff,activity,christi,draft,leslie,friday,currently,sent,real markets,roger,harry,original,list,johnson,jess
1386,gas,hedging,cpuc,infrastructure,list,jeff,draft,christi,activity,leslie,friday,original,currently,real,sent,harry,roger,johnson
1387,overall,programs,associates,reply,best,strongly,july,disagree,agree,confidentiality
1388,ina,express,american,letter,phillip
1389,true,phillip,light,invited,eol,phone,dress,indecency,parking,toubia,time
1390,true,food,original,phillip,party,bring,eol,invited,dress,parking,phone,indecency
1391,report
1392,simulated,thanks,jay,simtrader
1393,jay,simulated,gas,thanks,simtrader,west,original
1394,tim,john,session,allen
1395,thank,jay,gas,simulated,simtrader,west,original
1396,com,mailto,epsa,sarah,demand,julie,firm,calpine,capacity,mark,paso,topics,group,gallagher,cantrell,leslie,jack,allocation,ghinners,gas,fyi,allen,nat ural,serv,nicolay,jmartin,mreddy
1397,tim,john,phillip,strategy,fundamental
1398,mortgage,corner,yesterday,assessed
1399,position,heather,tim
1400,time,gas,proposed,ferc,bernadette,consumers,update,privileges,attorney,communication,dave,linda,wednesday,ray,utilities,order,conference,judge,perrino,sent
1401,payables,ibuyit,invoice
1402,following,john,walt,shelly,subject,karen
1403,position,heather,allen,west,west_delta_pos
1404,ops,update,pigging,nancy,scott,kristin,monday
1405,issues,refund,time,meeting,proposed agenda,dave,filing,privileges,attorney,communicate,ray,wednesday,allen,wholesale,power,sent,code,steffes
1406,gary,phillip,questar
1407,phillip,dexter,original,wednesday
1408,phillip,dexter,hopefully,griff
1410,deal value,options,sept,john
1411,phillip,chemo,thanks,agreement,original,friday
1412,promoted,salary,employee,ermis,manager,norma
1413,phillip,original,saturday
1414,monday
1415,pricing,format,krishna,dates,phillip,frame,time
1416,prices,phillip,sent,publication,technical,thank,keith,mike,scott,tori,baseload
1417,prices,sent,publication,technical,keith,mike,scott,tori,baseload,liane,monique
1418,frank
1419,use,payables,enron,material,ibuyit,invoice
1420,cert,hud,pdf,credit,vod,owner,documents,architect,executed,marketing,phillip,info,amendment,fax,original,ink,certification
1421,winstead,utility,texas,michelle,enclosed
1422,winstead,mmp,michelle,msimpkins
1424,enron,use,ceci,allen,stay,thank,original,sent,phillip,monday
1425,sections,balances,share,disability,plan,dollar,phillip,distributed,sum,original,monday,david,subject,greg
1426,positions,heather,original,allen,tim,west
1427,phillip,utility,michelle,winstead,texas,august,agreements
1428,ferc,ray,time,proposed,bernadette,dave,update,steve,asserted,caiso tariff,price,privileges,alan,wednesday,attorney,communication,wholesale,donna,nicolay,power
1430,meeting,video,mrha,date,phillip,melissa,offsite,jean,subject,non,miller,august,original
1431,sme,phillip,john,kirk,file,nominee,work,simulation,based,andy,content,vince,yevgeny,mcdaniel,dutch,revised assuming
1432,michelle,winstead,original,special,deed,apts,company acknowledged
1433,save,point,tuesday,subject
1434,enron,shop,members,december,personal,classes
1435,reviews,john,phillip,exempt,luce,scott,laura,jeanie,tuesday,thompson
1436,desk,phillip,erik,gas,fallon,schedule,rangel,greg
1437,ferc,donna,frank,susan,robert,sales,required,wednesday,reports,monday,gas,parties,dave,significantly,request,rehearing,list,original,smith,kristann,leslie,melinda,nicolay,alan,jess
1438,original,gonna,wednesday,chad,sent
