1,hospital,stated,rooms,patient,buildings,utica psychiatric center,amariah brigham,william,american journal,days,cribs,items,december jpg,main,provided,facilities,photos image,right,alder,articles,musical,historic,therapeutic,long,end,asylum,house,clarissa,treated,printing,mental health,medical,style,royal,secret institution,greek revival,care,heart attack,people,original,narrative,good,closets,stairway,attendants,convicted,staff,mycert,means,psychological association,doctors,called,amd,wings,edward nathaniel,deaths,bad environment,sporadic employee,persons parlors,excited forms,evacuated,current,safe,creative outlet,produced,outdoor tasks,physical,ordinary bed,perth recommended,voicing,gateway pillar,crazy fellows,practical,better,courtyard
3,military,roman,persians,antiguedad,body,armour,word,heavy cavalry,meaning camp oven,closely fitting,known,joints,clad,metal,openings,issn external links,bostan near kermanshah,jose vicente,sanchez los,historicas,guard,pana,notitia dignitatum primary source,monografias,nicknamed,staff,cristianismo,human faces,successor jovian,sassanid empire,breath
4,uncredited,arthur hill,episode,war,american theatre,king,little,murder,broadway,angels,drake,studied,canadian,production starring,rabbit,jack,york,palisades,young,making,bonner,washington,television early life,role portraying,days,played,harper,colonel,elite futureworld bridge,escort raising,disease selected,including,vice consul,spence,owen marshall,homeward,diz corbett dirty,lawyer,married peggy,pre,columbia,collis,air,blue,law,grainger,home,graves,sophie,grandpa lansford,impossible,guest,external,clearing,pilgrim,temple,voice,cornelius,sea,stanton,fine,ben,virginia woolf,body said,stepford wives,professor prosser,silver curtain,family,stately mansions,jackie jackson,jerry winton,britain,joan darling,magic christmas,shaw,slim cassidy,melfort saskatchewan,jeremy
5,potassium,muscle,including,test,attacks,high,normal,periodic paralysis,patient,symptom,common,cause,changes,exercise,hypers,low,levels,dominant,cardioverter,underlying,neurologist,body,external,mutations,hypopp,channel,fingers,cells,disease,function,people,carbohydrates,diagnosis,weakness,type,significant,paramyotonia congenita,short lasting,considerably longer,hyperkalemic,threatening,control,treatment,like scoliosis,need,glucose insulin,andersen tawil,rare,electrically charged,small jaw,unlike non dystrophic,manifestations enabling,links nih information,dozens,rhythm problems,auras dna,supplemental,emg,hypos,speech,anhydrase,family,confusing,specific,worse instead,research going,report years,commonly associated,range,outside,happen,penetrance,pacemaker insertion,protocol,spine
7,wrote,story,ashtadiggaja,emperors,tenali,krishnadevaraya,telugu,called prabandha,dual work,new,literary,style,hindu,day,meaning,poet scholar,peddana dhurjati nandi,pingali surana,pradesh,ramakrishna,simultaneously,charitramu,ayyalaraju,nilakanta sastry,major,kavyas,century like,fictional,lakshamma took,mahatmyamu,title given,district,mention,pundareeka vamana kumuda anjana pushpadanta sarvabhauma,kapila pingala anupama taamraparni subhradanti angana,present,viz prakhyatam utpadyam,sambhavam,region generally,reached,vijayam,cuddapah,south india,widely,sanskrit,bhattu,regarded,inscriptions
11,production,technological,process,industries,ruttan,generation,trade,new gpt,economy,tools,developing,economics,carlaw,solar,growth,internal,power mechanical,agricultural revolution,transformations,neolithic,internet,wheel,pre,early,impending,uses,alter,example,list,intangible,electronic,domestic,factories,related procurement,social,late,sailing ship,nuclear energy,adoption,steam engine electricity,automobile,airplane,century,interchangeable parts,long,date,mobile warfare,occurred,suburbs commuting flexible,global,bekar usage,information,education financial,professor,military,tourism,learning,paperless office,keeping,theory,semi conductors,major source,important role,time required,war necessary,spin,outs,firms inventors,latent benefits,innovations,cumulative,minnesota examines,artificial intelligence,iron,modified food bioengineering gene therapy,organisation,targeted cancer
15,plassenburg,der,und,die,kulmbachs,von,otto,margraves,iii,military,home,family,reihe,frederick,hrsg,oberfranken,zur geschichte,bayerns,andechs later,bis,auf eine,fur,band,zugleich,hohenzollern,sole,centre,caspar,fortified,principality,significant,combined,count,bayreuth,brandenburg,meranian,buchner,traditional burgravial,castles,blassenberg,prominent franconian noble,bayerischen,zum regierung,john,univ diss,supporting,gebirg,albert,alexander,merania initially,unter,bonaparte brother,erichsen evamaria,bibliography karl,kunstmann,residenz,stronghold,external,freunde,cultural events,second margravian war,organisation todt,world,plassenberch presumably,countess barbara,training camp,french army,law divided,country,mountains,fortress,serve primarily,napoleon besieged,furstentum,himmelkron went,huge palace,upper main,dispositio fridericiana,franconia till,tower room,march began,reached peak,sad chapter,weimar
17,bee,references external links,arizona new mexico,osmia,blueberries,normally gathers,north america including
18,chavez,later,family,polite,military,house,venezuelan,venezuela,baseball,leaders,school,state,national,leftist,person,childhood,american,life,rural sabaneta,perez,considered,developing,government,juan velasco,ruiz,year,live,figurine,revolution,fellow cadets,perceived,better,grandmother,regular,bolivarianism,brothers,key,landholdings,beauty,donkey,nacional,education,vendor,fruit,facie,character,poems,herrera,radio,llanos,history,social,coup,large palm leaves,bolivar,central,herma marksman,francisco giants,studying,notes,eventually stoking,rosa,second,disliked,latigo,worst airplane,known,home,book,helped,spanish,frias,lifelong,draft capstone thesis,mother,miniature pocket,rebel,parents,blue booklets partial,peruvian,jesus,new,adan,anniversary,dirt floor,coastal strip,policy,hugo,provinciano provincial,america,panamanian,academy,torrijos,canal,florencio,etat,class,young,music,higher,meeting point,obtain entry,regain control,altar boy,experiences resulted,subsequently enrolled,asbestos roof,freedom fighter,great grandson,neoliberal globalization,sixth grade,federal authorities,cultural identity,taken charge,traditional owner,ayacucho peru,youths traveled,fishing trips,church portrayal,constantly carry,left dead,eponymous battle,sub lieutenant,guanare river,gained exposure,andes,schoolteachers,located deep,catholic priest
19,team,seed,new,point,divisions,nhl,seasons,win,buffalo sabres,playoffs,montreal canadiens,kings,trophy,islanders,philadelphia flyers won,players,bobby,series,best,award,played,earning,notes,conference,hockey league,champions,game,final,leafs,records,entered,los,divisional,patrick,toronto,boston bruins,smythe,goaltenders,overall,norris,quarterfinal rounds,professional,york rangers,memorial,bob,second consecutive,years,clark,pittsburgh penguins,seals,guy,vancouver canucks,atlanta flames,adams,semifinals,bernie,respective,scouts,colorado,defensive,phil esposito,stanley cup,star,east,clarence campbell,home ice,regular,seattle,williams,expansion,pts,moving,tie,dave,kansas,jack,place,north american,rick,washington capitals,winners,early newspapers,rejecting previous franchise,vachon,gilbert,charlie,billy smith,goals,blues,scoring,minutes,california,hawks,potential,minnesota,denver,detroit red wings lester,chicago,fifth,mid january,biggest beneficiary,reseeded proponents,added increasing,facing elimination,postwar era,eventually met,cleveland,barons,finish,relocated,coaches,statistics,marshall,nordiques,references,markets,marcel,sports,easier,leaders,devils,seventh,jim,prince,chadwick thomas,format,draft,edwards,experts,defeating,ullman,wilf paiement,weak,schmidt,based,young
23,ayrton,island,character,grant,man,ship britannia,scottish,suffering great,anime nadia,novel,later,captain,glenarvan,castaway,correspondent,information,scheme,redemption,leading,sensationalist,restored,joyce,tabor,serving,left,harsh justice,alleged,sea,wild goose,pirates,learn,year,undergoes,eventually notorious gang leader,existence,comedy relief,protagonists,frigate uss,author jules,encounter,living,expedition,film,series unlike,past lifestyle,extreme disputes,tongue cut,blue water,reluctantly joins,crew teaming,honest men,steadfast,remains,brutish taken,prodigious set,forename thomas,cunning
24,williams,playing,certificate,players,cronulla,career,football,knee injury requiring,new south,juniors ranks,nrl,profile,sharks,business,spine,personal training,park august,professional rugby league,referees,sports high,prop,external,series,medical,period,examination,squad,blood clot,time,grade
27,health,koh,research,cancer prevention,award,state,public,board,service,boston,screening,schools,disparities,served,massachusetts general,england,memorial,william,postgraduate,election,fineberg,korean americans,populations tobacco,medical,programs,yale college,medicine,national,park personal,bioterrorism pandemic,international,hospitals,university,saw,assistant,dean,control,include,steven daniel,association,president barack,jack white,trahan references external,marty,sox,hanja 高京柱 born,distinguished,based,physical,attainable,past,glee,early detection,narrowly lost,chief resident,congressional district,claudia arrigg,september attacks,legal adviser,commissioned corps,principal investigator,newborn,groundbreaking
28,cefotaxime,infection adverse,plants,including lower,lactams,streptococcus spp aureus,considering,walls,organisms,dose,bacteria cell,influenzae,pneumoniae,susceptible,lactamases,disease meningitis,cephalosporins,enzymes,active,medically,nausea,abdominal,reactions,tract,half,nearly,benefit,agent,infusion rash,bacteroides,coli epidermidis,tissue culture,moiety confers,brain barrier,changing,efficacy,structural,configuration,binding,proteins,references external,gram,resistant,diarrhea,sepsis gonorrhea,microbial,treat,bacterial,spectrum,producing,injection,synthesis,represents mic,generic,pelvic,skin,inhibiting,greater,relatively safe,commonly caused,largely excreted,endosymbiotic theory,photosynthetic organelles,higher concentration,medicines,risks weighed,plastid,inactive metabolites,previous,cefuroxime vial,low toxicity,final
34,insulating,pir,polyol,isocyanurate,foams,material,celotex,pur,chemically,panel,manufactured,polyurethanes,time release,conditions,links,ventilated,isocyanate,typical,studied,bonded,multiple products,temperature,structure,testing,range,uses,complex,thermally,diphenyl diisocyanate mdi,resulted,joints ship,hazard,respiratory,lancashire,blowing,hydrogen,tower,significant increased
