hospital,1
stated,1
rooms,1
patient,1,5
buildings,1
utica psychiatric center,1
amariah brigham,1
william,1,27
american journal,1
days,1,4
cribs,1
items,1
december jpg,1
main,1
provided,1
facilities,1
photos image,1
right,1
alder,1
articles,1
musical,1
historic,1
therapeutic,1
long,1,11
end,1
asylum,1
house,1,18
clarissa,1
treated,1
printing,1
mental health,1
medical,1,24,27
style,1,7
royal,1
secret institution,1
greek revival,1
care,1
heart attack,1
people,1,5
original,1
narrative,1
good,1
closets,1
stairway,1
attendants,1
convicted,1
staff,1,3
mycert,1
means,1
psychological association,1
doctors,1
called,1
amd,1
wings,1
edward nathaniel,1
deaths,1
bad environment,1
sporadic employee,1
persons parlors,1
excited forms,1
evacuated,1
current,1
safe,1
creative outlet,1
produced,1
outdoor tasks,1
physical,1,27
ordinary bed,1
perth recommended,1
voicing,1
gateway pillar,1
crazy fellows,1
practical,1
better,1,18
courtyard,1
military,3,11,15,18
roman,3
persians,3
antiguedad,3
body,3,5
armour,3
word,3
heavy cavalry,3
meaning camp oven,3
closely fitting,3
known,3,18
joints,3
clad,3
metal,3
openings,3
issn external links,3
bostan near kermanshah,3
jose vicente,3
sanchez los,3
historicas,3
guard,3
pana,3
notitia dignitatum primary source,3
monografias,3
nicknamed,3
cristianismo,3
human faces,3
successor jovian,3
sassanid empire,3
breath,3
uncredited,4
arthur hill,4
episode,4
war,4
american theatre,4
king,4
little,4
murder,4
broadway,4
angels,4
drake,4
studied,4,34
canadian,4
production starring,4
rabbit,4
jack,4,19
york,4
palisades,4
young,4,18,19
making,4
bonner,4
washington,4
television early life,4
role portraying,4
played,4,19
harper,4
colonel,4
elite futureworld bridge,4
escort raising,4
disease selected,4
including,4,5
vice consul,4
spence,4
owen marshall,4
homeward,4
diz corbett dirty,4
lawyer,4
married peggy,4
pre,4,11
columbia,4
collis,4
air,4
blue,4
law,4
grainger,4
home,4,15,18
graves,4
sophie,4
grandpa lansford,4
impossible,4
guest,4
external,4,5,15,24
clearing,4
pilgrim,4
temple,4
voice,4
cornelius,4
sea,4,23
stanton,4
fine,4
ben,4
virginia woolf,4
body said,4
stepford wives,4
professor prosser,4
silver curtain,4
family,4,5,15,18
stately mansions,4
jackie jackson,4
jerry winton,4
britain,4
joan darling,4
magic christmas,4
shaw,4
slim cassidy,4
melfort saskatchewan,4
jeremy,4
potassium,5
muscle,5
test,5
attacks,5
high,5
normal,5
periodic paralysis,5
symptom,5
common,5
cause,5
changes,5
exercise,5
hypers,5
low,5
levels,5
dominant,5
cardioverter,5
underlying,5
neurologist,5
mutations,5
hypopp,5
channel,5
fingers,5
cells,5
disease,5
function,5
carbohydrates,5
diagnosis,5
weakness,5
type,5
significant,5,15
paramyotonia congenita,5
short lasting,5
considerably longer,5
hyperkalemic,5
threatening,5
control,5,27
treatment,5
like scoliosis,5
need,5
glucose insulin,5
andersen tawil,5
rare,5
electrically charged,5
small jaw,5
unlike non dystrophic,5
manifestations enabling,5
links nih information,5
dozens,5
rhythm problems,5
auras dna,5
supplemental,5
emg,5
hypos,5
speech,5
anhydrase,5
confusing,5
specific,5
worse instead,5
research going,5
report years,5
commonly associated,5
range,5,34
outside,5
happen,5
penetrance,5
pacemaker insertion,5
protocol,5
spine,5,24
wrote,7
story,7
ashtadiggaja,7
emperors,7
tenali,7
krishnadevaraya,7
telugu,7
called prabandha,7
dual work,7
new,7,18,19
literary,7
hindu,7
day,7
meaning,7
poet scholar,7
peddana dhurjati nandi,7
pingali surana,7
pradesh,7
ramakrishna,7
simultaneously,7
charitramu,7
ayyalaraju,7
nilakanta sastry,7
major,7
kavyas,7
century like,7
fictional,7
lakshamma took,7
mahatmyamu,7
title given,7
district,7
mention,7
pundareeka vamana kumuda anjana pushpadanta sarvabhauma,7
kapila pingala anupama taamraparni subhradanti angana,7
present,7
viz prakhyatam utpadyam,7
sambhavam,7
region generally,7
reached,7
vijayam,7
cuddapah,7
south india,7
widely,7
sanskrit,7
bhattu,7
regarded,7
inscriptions,7
production,11
technological,11
process,11
industries,11
ruttan,11
generation,11
trade,11
new gpt,11
economy,11
tools,11
developing,11,18
economics,11
carlaw,11
solar,11
growth,11
internal,11
power mechanical,11
agricultural revolution,11
transformations,11
neolithic,11
internet,11
wheel,11
early,11
impending,11
uses,11,34
alter,11
example,11
list,11
intangible,11
electronic,11
domestic,11
factories,11
related procurement,11
social,11,18
late,11
sailing ship,11
nuclear energy,11
adoption,11
steam engine electricity,11
automobile,11
airplane,11
century,11
interchangeable parts,11
date,11
mobile warfare,11
occurred,11
suburbs commuting flexible,11
global,11
bekar usage,11
information,11,23
education financial,11
professor,11
tourism,11
learning,11
paperless office,11
keeping,11
theory,11
semi conductors,11
major source,11
important role,11
time required,11
war necessary,11
spin,11
outs,11
firms inventors,11
latent benefits,11
innovations,11
cumulative,11
minnesota examines,11
artificial intelligence,11
iron,11
modified food bioengineering gene therapy,11
organisation,11
targeted cancer,11
plassenburg,15
der,15
und,15
die,15
kulmbachs,15
von,15
otto,15
margraves,15
iii,15
reihe,15
frederick,15
hrsg,15
oberfranken,15
zur geschichte,15
bayerns,15
andechs later,15
bis,15
auf eine,15
fur,15
band,15
zugleich,15
hohenzollern,15
sole,15
centre,15
caspar,15
fortified,15
principality,15
combined,15
count,15
bayreuth,15
brandenburg,15
meranian,15
buchner,15
traditional burgravial,15
castles,15
blassenberg,15
prominent franconian noble,15
bayerischen,15
zum regierung,15
john,15
univ diss,15
supporting,15
gebirg,15
albert,15
alexander,15
merania initially,15
unter,15
bonaparte brother,15
erichsen evamaria,15
bibliography karl,15
kunstmann,15
residenz,15
stronghold,15
freunde,15
cultural events,15
second margravian war,15
organisation todt,15
world,15
plassenberch presumably,15
countess barbara,15
training camp,15
french army,15
law divided,15
country,15
mountains,15
fortress,15
serve primarily,15
napoleon besieged,15
furstentum,15
himmelkron went,15
huge palace,15
upper main,15
dispositio fridericiana,15
franconia till,15
tower room,15
march began,15
reached peak,15
sad chapter,15
weimar,15
bee,17
references external links,17
arizona new mexico,17
osmia,17
blueberries,17
normally gathers,17
north america including,17
chavez,18
later,18,23
polite,18
venezuelan,18
venezuela,18
baseball,18
leaders,18,19
school,18
state,18,27
national,18,27
leftist,18
person,18
childhood,18
american,18
life,18
rural sabaneta,18
perez,18
considered,18
government,18
juan velasco,18
ruiz,18
year,18,23
live,18
figurine,18
revolution,18
fellow cadets,18
perceived,18
grandmother,18
regular,18,19
bolivarianism,18
brothers,18
key,18
landholdings,18
beauty,18
donkey,18
nacional,18
education,18
vendor,18
fruit,18
facie,18
character,18,23
poems,18
herrera,18
radio,18
llanos,18
history,18
coup,18
large palm leaves,18
bolivar,18
central,18
herma marksman,18
francisco giants,18
studying,18
notes,18,19
eventually stoking,18
rosa,18
second,18
disliked,18
latigo,18
worst airplane,18
book,18
helped,18
spanish,18
frias,18
lifelong,18
draft capstone thesis,18
mother,18
miniature pocket,18
rebel,18
parents,18
blue booklets partial,18
peruvian,18
jesus,18
adan,18
anniversary,18
dirt floor,18
coastal strip,18
policy,18
hugo,18
provinciano provincial,18
america,18
panamanian,18
academy,18
torrijos,18
canal,18
florencio,18
etat,18
class,18
music,18
higher,18
meeting point,18
obtain entry,18
regain control,18
altar boy,18
experiences resulted,18
subsequently enrolled,18
asbestos roof,18
freedom fighter,18
great grandson,18
neoliberal globalization,18
sixth grade,18
federal authorities,18
cultural identity,18
taken charge,18
traditional owner,18
ayacucho peru,18
youths traveled,18
fishing trips,18
church portrayal,18
constantly carry,18
left dead,18
eponymous battle,18
sub lieutenant,18
guanare river,18
gained exposure,18
andes,18
schoolteachers,18
located deep,18
catholic priest,18
team,19
seed,19
point,19
divisions,19
nhl,19
seasons,19
win,19
buffalo sabres,19
playoffs,19
montreal canadiens,19
kings,19
trophy,19
islanders,19
philadelphia flyers won,19
players,19,24
bobby,19
series,19,24
best,19
award,19,27
earning,19
conference,19
hockey league,19
champions,19
game,19
final,19,28
leafs,19
records,19
entered,19
los,19
divisional,19
patrick,19
toronto,19
boston bruins,19
smythe,19
goaltenders,19
overall,19
norris,19
quarterfinal rounds,19
professional,19
york rangers,19
memorial,19,27
bob,19
second consecutive,19
years,19
clark,19
pittsburgh penguins,19
seals,19
guy,19
vancouver canucks,19
atlanta flames,19
adams,19
semifinals,19
bernie,19
respective,19
scouts,19
colorado,19
defensive,19
phil esposito,19
stanley cup,19
star,19
east,19
clarence campbell,19
home ice,19
seattle,19
williams,19,24
expansion,19
pts,19
moving,19
tie,19
dave,19
kansas,19
place,19
north american,19
rick,19
washington capitals,19
winners,19
early newspapers,19
rejecting previous franchise,19
vachon,19
gilbert,19
charlie,19
billy smith,19
goals,19
blues,19
scoring,19
minutes,19
california,19
hawks,19
potential,19
minnesota,19
denver,19
detroit red wings lester,19
chicago,19
fifth,19
mid january,19
biggest beneficiary,19
reseeded proponents,19
added increasing,19
facing elimination,19
postwar era,19
eventually met,19
cleveland,19
barons,19
finish,19
relocated,19
coaches,19
statistics,19
marshall,19
nordiques,19
references,19
markets,19
marcel,19
sports,19
easier,19
devils,19
seventh,19
jim,19
prince,19
chadwick thomas,19
format,19
draft,19
edwards,19
experts,19
defeating,19
ullman,19
wilf paiement,19
weak,19
schmidt,19
based,19,27
ayrton,23
island,23
grant,23
man,23
ship britannia,23
scottish,23
suffering great,23
anime nadia,23
novel,23
captain,23
glenarvan,23
castaway,23
correspondent,23
scheme,23
redemption,23
leading,23
sensationalist,23
restored,23
joyce,23
tabor,23
serving,23
left,23
harsh justice,23
alleged,23
wild goose,23
pirates,23
learn,23
undergoes,23
eventually notorious gang leader,23
existence,23
comedy relief,23
protagonists,23
frigate uss,23
author jules,23
encounter,23
living,23
expedition,23
film,23
series unlike,23
past lifestyle,23
extreme disputes,23
tongue cut,23
blue water,23
reluctantly joins,23
crew teaming,23
honest men,23
steadfast,23
remains,23
brutish taken,23
prodigious set,23
forename thomas,23
cunning,23
playing,24
certificate,24
cronulla,24
career,24
football,24
knee injury requiring,24
new south,24
juniors ranks,24
nrl,24
profile,24
sharks,24
business,24
personal training,24
park august,24
professional rugby league,24
referees,24
sports high,24
prop,24
period,24
examination,24
squad,24
blood clot,24
time,24
grade,24
health,27
koh,27
research,27
cancer prevention,27
public,27
board,27
service,27
boston,27
screening,27
schools,27
disparities,27
served,27
massachusetts general,27
england,27
postgraduate,27
election,27
fineberg,27
korean americans,27
populations tobacco,27
programs,27
yale college,27
medicine,27
park personal,27
bioterrorism pandemic,27
international,27
hospitals,27
university,27
saw,27
assistant,27
dean,27
include,27
steven daniel,27
association,27
president barack,27
jack white,27
trahan references external,27
marty,27
sox,27
hanja 高京柱 born,27
distinguished,27
attainable,27
past,27
glee,27
early detection,27
narrowly lost,27
chief resident,27
congressional district,27
claudia arrigg,27
september attacks,27
legal adviser,27
commissioned corps,27
principal investigator,27
newborn,27
groundbreaking,27
cefotaxime,28
infection adverse,28
plants,28
including lower,28
lactams,28
streptococcus spp aureus,28
considering,28
walls,28
organisms,28
dose,28
bacteria cell,28
influenzae,28
pneumoniae,28
susceptible,28
lactamases,28
disease meningitis,28
cephalosporins,28
enzymes,28
active,28
medically,28
nausea,28
abdominal,28
reactions,28
tract,28
half,28
nearly,28
benefit,28
agent,28
infusion rash,28
bacteroides,28
coli epidermidis,28
tissue culture,28
moiety confers,28
brain barrier,28
changing,28
efficacy,28
structural,28
configuration,28
binding,28
proteins,28
references external,28
gram,28
resistant,28
diarrhea,28
sepsis gonorrhea,28
microbial,28
treat,28
bacterial,28
spectrum,28
producing,28
injection,28
synthesis,28
represents mic,28
generic,28
pelvic,28
skin,28
inhibiting,28
greater,28
relatively safe,28
commonly caused,28
largely excreted,28
endosymbiotic theory,28
photosynthetic organelles,28
higher concentration,28
medicines,28
risks weighed,28
plastid,28
inactive metabolites,28
previous,28
cefuroxime vial,28
low toxicity,28
insulating,34
pir,34
polyol,34
isocyanurate,34
foams,34
material,34
celotex,34
pur,34
chemically,34
panel,34
manufactured,34
polyurethanes,34
time release,34
conditions,34
links,34
ventilated,34
isocyanate,34
typical,34
bonded,34
multiple products,34
temperature,34
structure,34
testing,34
complex,34
thermally,34
diphenyl diisocyanate mdi,34
resulted,34
joints ship,34
hazard,34
respiratory,34
lancashire,34
blowing,34
hydrogen,34
tower,34
significant increased,34
